from,to,weight
NC_022528/1969582-1969756/apt_1,NZ_AOCM01000113/12837-13066/apt_2,-31.11
NC_022528/1969582-1969756/apt_1,NZ_CP009354/1442154-1442357/apt_2,-22.64
NC_022528/1969582-1969756/apt_1,NC_022528/1969582-1969756/apt_2,-23.41
NC_022528/1969582-1969756/apt_1,NZ_CP009264/1183330-1183543/apt_2,-34.58
NC_022528/1969582-1969756/apt_1,NZ_CP014038/335935-336145/apt_2,-33.82
NC_022528/1969582-1969756/apt_1,NZ_CP016307/1666806-1667024/apt_2,-37.15
NC_022528/1969582-1969756/apt_1,NC_004603/1855938-1856148/apt_2,-33.65
NC_022528/1969582-1969756/apt_1,NC_009783/2485129-2485339/apt_2,-33.08
NC_022528/1969582-1969756/apt_1,NC_004459/2743752-2743981/apt_2,-31.15
NC_022528/1969582-1969756/apt_1,NC_013456/2228325-2228533/apt_2,-30.84
NC_022528/1969582-1969756/apt_1,NZ_CP014043/2211608-2211837/apt_2,-30.50
NC_022528/1969582-1969756/apt_1,NC_016602/2046029-2046257/apt_2,-34.79
NC_022528/1969582-1969756/apt_1,NC_015633/1730293-1730506/apt_2,-23.84
NC_022528/1969582-1969756/apt_1,NC_002505/1520426-1520656/apt_2,-30.81
NC_022528/1969582-1969756/apt_1,NC_016613/1821145-1821354/apt_2,-32.61
NC_022528/1969582-1969756/apt_1,NC_016602/2046029-2046257/apt_1,-36.45
NC_022528/1969582-1969756/apt_1,NZ_CP014035/1314770-1314998/apt_1,-35.80
NC_022528/1969582-1969756/apt_1,NC_011312/1917427-1917640/apt_1,-19.98
NC_022528/1969582-1969756/apt_1,NZ_CP016307/1666806-1667024/apt_1,-24.06
NC_022528/1969582-1969756/apt_1,NC_015633/1730293-1730506/apt_1,-33.63
NC_022528/1969582-1969756/apt_1,NZ_CP011460/1509763-1509976/apt_1,-33.89
NC_022528/1969582-1969756/apt_1,NZ_CP016177/1449571-1449779/apt_1,-19.98
NC_022528/1969582-1969756/apt_1,NC_006840/1607738-1607953/apt_1,-21.41
NC_022528/1969582-1969756/apt_1,NC_004603/1855938-1856148/apt_1,-19.37
NC_022528/1969582-1969756/apt_1,NZ_CP009847/1884813-1885023/apt_1,-18.85
NC_022528/1969582-1969756/apt_1,NC_009783/2485129-2485339/apt_1,-19.58
NC_022528/1969582-1969756/apt_1,NC_016613/1821145-1821354/apt_1,-16.33
NC_022528/1969582-1969756/apt_1,NZ_CP013484/549960-550168/apt_1,-18.40
NC_022528/1969582-1969756/apt_1,NC_013456/2228325-2228533/apt_1,-18.77
NC_022528/1969582-1969756/apt_1,NZ_CP016347/1636768-1636977/apt_1,-16.79
NC_022528/1969582-1969756/apt_1,NZ_CP009354/1442154-1442357/apt_1,-21.19
NC_022528/1969582-1969756/apt_1,NZ_CP009264/1183330-1183543/apt_1,-19.85
NC_022528/1969582-1969756/apt_1,NZ_CP016556/3409979-3410192/apt_1,-19.59
NC_022528/1969582-1969756/apt_1,NZ_CP011406/1684498-1684708/apt_1,-19.26
NC_022528/1969582-1969756/apt_1,NZ_CP016324/1619624-1619854/apt_1,-40.41
NC_022528/1969582-1969756/apt_1,NC_002505/1520426-1520656/apt_1,-40.82
NC_022528/1969582-1969756/apt_1,NC_017270/1416320-1416550/apt_1,-40.86
NC_022528/1969582-1969756/apt_1,NC_009457/1078841-1079071/apt_1,-40.77
NC_022528/1969582-1969756/apt_1,NZ_CP014043/2211608-2211837/apt_1,-39.54
NC_022528/1969582-1969756/apt_1,NZ_LGLS01000001/580805-581018/apt_1,-19.86
NC_022528/1969582-1969756/apt_1,NZ_CP009261/1622641-1622870/apt_1,-40.58
NC_022528/1969582-1969756/apt_1,NC_005139/1639249-1639478/apt_1,-40.63
NC_022528/1969582-1969756/apt_1,NC_004459/2743752-2743981/apt_1,-40.66
NC_022528/1969582-1969756/apt_1,NZ_CP016351/1896934-1897143/apt_1,-16.74
NC_022528/1969582-1969756/apt_1,NZ_CP016177/1449571-1449779/apt_2,-23.25
NC_022528/1969582-1969756/apt_1,NZ_LN554846/1395685-1395898/apt_2,-33.53
NC_022528/1969582-1969756/apt_1,NC_006840/1607738-1607953/apt_2,-33.08
NC_022528/1969582-1969756/apt_1,NC_011184/1633222-1633437/apt_2,-33.39
NC_022528/1969582-1969756/apt_1,NC_011312/1917427-1917640/apt_2,-32.79
NZ_AOCM01000113/12837-13066/apt_2,NZ_CP009354/1442154-1442357/apt_2,21.95
NZ_AOCM01000113/12837-13066/apt_2,NC_022528/1969582-1969756/apt_2,23.70
NZ_AOCM01000113/12837-13066/apt_2,NZ_CP009264/1183330-1183543/apt_2,26.22
NZ_AOCM01000113/12837-13066/apt_2,NZ_CP014038/335935-336145/apt_2,30.96
NZ_AOCM01000113/12837-13066/apt_2,NZ_CP016307/1666806-1667024/apt_2,21.75
NZ_AOCM01000113/12837-13066/apt_2,NC_004603/1855938-1856148/apt_2,31.58
NZ_AOCM01000113/12837-13066/apt_2,NC_009783/2485129-2485339/apt_2,31.48
NZ_AOCM01000113/12837-13066/apt_2,NC_004459/2743752-2743981/apt_2,38.70
NZ_AOCM01000113/12837-13066/apt_2,NC_013456/2228325-2228533/apt_2,35.90
NZ_AOCM01000113/12837-13066/apt_2,NZ_CP014043/2211608-2211837/apt_2,35.33
NZ_AOCM01000113/12837-13066/apt_2,NC_016602/2046029-2046257/apt_2,22.54
NZ_AOCM01000113/12837-13066/apt_2,NC_015633/1730293-1730506/apt_2,25.94
NZ_AOCM01000113/12837-13066/apt_2,NC_002505/1520426-1520656/apt_2,35.25
NZ_AOCM01000113/12837-13066/apt_2,NC_016613/1821145-1821354/apt_2,31.86
NZ_AOCM01000113/12837-13066/apt_2,NC_016602/2046029-2046257/apt_1,-48.74
NZ_AOCM01000113/12837-13066/apt_2,NZ_CP014035/1314770-1314998/apt_1,-49.18
NZ_AOCM01000113/12837-13066/apt_2,NC_011312/1917427-1917640/apt_1,-31.00
NZ_AOCM01000113/12837-13066/apt_2,NZ_CP016307/1666806-1667024/apt_1,-37.13
NZ_AOCM01000113/12837-13066/apt_2,NC_015633/1730293-1730506/apt_1,-41.94
NZ_AOCM01000113/12837-13066/apt_2,NZ_CP011460/1509763-1509976/apt_1,-42.58
NZ_AOCM01000113/12837-13066/apt_2,NZ_CP016177/1449571-1449779/apt_1,-24.59
NZ_AOCM01000113/12837-13066/apt_2,NC_006840/1607738-1607953/apt_1,-32.58
NZ_AOCM01000113/12837-13066/apt_2,NC_004603/1855938-1856148/apt_1,-41.04
NZ_AOCM01000113/12837-13066/apt_2,NZ_CP009847/1884813-1885023/apt_1,-41.49
NZ_AOCM01000113/12837-13066/apt_2,NC_009783/2485129-2485339/apt_1,-39.87
NZ_AOCM01000113/12837-13066/apt_2,NC_016613/1821145-1821354/apt_1,-38.75
NZ_AOCM01000113/12837-13066/apt_2,NZ_CP013484/549960-550168/apt_1,-40.52
NZ_AOCM01000113/12837-13066/apt_2,NC_013456/2228325-2228533/apt_1,-40.45
NZ_AOCM01000113/12837-13066/apt_2,NZ_CP016347/1636768-1636977/apt_1,-38.94
NZ_AOCM01000113/12837-13066/apt_2,NZ_CP009354/1442154-1442357/apt_1,-38.37
NZ_AOCM01000113/12837-13066/apt_2,NZ_CP009264/1183330-1183543/apt_1,-37.38
NZ_AOCM01000113/12837-13066/apt_2,NZ_CP016556/3409979-3410192/apt_1,-37.98
NZ_AOCM01000113/12837-13066/apt_2,NZ_CP011406/1684498-1684708/apt_1,-41.18
NZ_AOCM01000113/12837-13066/apt_2,NZ_CP016324/1619624-1619854/apt_1,-53.20
NZ_AOCM01000113/12837-13066/apt_2,NC_002505/1520426-1520656/apt_1,-50.60
NZ_AOCM01000113/12837-13066/apt_2,NC_017270/1416320-1416550/apt_1,-51.38
NZ_AOCM01000113/12837-13066/apt_2,NC_009457/1078841-1079071/apt_1,-51.77
NZ_AOCM01000113/12837-13066/apt_2,NZ_CP014043/2211608-2211837/apt_1,-47.71
NZ_AOCM01000113/12837-13066/apt_2,NZ_LGLS01000001/580805-581018/apt_1,-39.15
NZ_AOCM01000113/12837-13066/apt_2,NZ_CP009261/1622641-1622870/apt_1,-51.44
NZ_AOCM01000113/12837-13066/apt_2,NC_005139/1639249-1639478/apt_1,-50.38
NZ_AOCM01000113/12837-13066/apt_2,NC_004459/2743752-2743981/apt_1,-51.01
NZ_AOCM01000113/12837-13066/apt_2,NZ_CP016351/1896934-1897143/apt_1,-39.00
NZ_AOCM01000113/12837-13066/apt_2,NZ_CP016177/1449571-1449779/apt_2,2.21
NZ_AOCM01000113/12837-13066/apt_2,NZ_LN554846/1395685-1395898/apt_2,22.01
NZ_AOCM01000113/12837-13066/apt_2,NC_006840/1607738-1607953/apt_2,22.84
NZ_AOCM01000113/12837-13066/apt_2,NC_011184/1633222-1633437/apt_2,22.52
NZ_AOCM01000113/12837-13066/apt_2,NC_011312/1917427-1917640/apt_2,21.76
NZ_CP009354/1442154-1442357/apt_2,NC_022528/1969582-1969756/apt_2,31.24
NZ_CP009354/1442154-1442357/apt_2,NZ_CP009264/1183330-1183543/apt_2,17.18
NZ_CP009354/1442154-1442357/apt_2,NZ_CP014038/335935-336145/apt_2,18.58
NZ_CP009354/1442154-1442357/apt_2,NZ_CP016307/1666806-1667024/apt_2,12.94
NZ_CP009354/1442154-1442357/apt_2,NC_004603/1855938-1856148/apt_2,18.65
NZ_CP009354/1442154-1442357/apt_2,NC_009783/2485129-2485339/apt_2,19.55
NZ_CP009354/1442154-1442357/apt_2,NC_004459/2743752-2743981/apt_2,21.39
NZ_CP009354/1442154-1442357/apt_2,NC_013456/2228325-2228533/apt_2,22.69
NZ_CP009354/1442154-1442357/apt_2,NZ_CP014043/2211608-2211837/apt_2,20.84
NZ_CP009354/1442154-1442357/apt_2,NC_016602/2046029-2046257/apt_2,12.56
NZ_CP009354/1442154-1442357/apt_2,NC_015633/1730293-1730506/apt_2,30.33
NZ_CP009354/1442154-1442357/apt_2,NC_002505/1520426-1520656/apt_2,21.04
NZ_CP009354/1442154-1442357/apt_2,NC_016613/1821145-1821354/apt_2,18.01
NZ_CP009354/1442154-1442357/apt_2,NC_016602/2046029-2046257/apt_1,-48.89
NZ_CP009354/1442154-1442357/apt_2,NZ_CP014035/1314770-1314998/apt_1,-48.77
NZ_CP009354/1442154-1442357/apt_2,NC_011312/1917427-1917640/apt_1,-31.42
NZ_CP009354/1442154-1442357/apt_2,NZ_CP016307/1666806-1667024/apt_1,-36.54
NZ_CP009354/1442154-1442357/apt_2,NC_015633/1730293-1730506/apt_1,-45.32
NZ_CP009354/1442154-1442357/apt_2,NZ_CP011460/1509763-1509976/apt_1,-45.54
NZ_CP009354/1442154-1442357/apt_2,NZ_CP016177/1449571-1449779/apt_1,-23.20
NZ_CP009354/1442154-1442357/apt_2,NC_006840/1607738-1607953/apt_1,-34.07
NZ_CP009354/1442154-1442357/apt_2,NC_004603/1855938-1856148/apt_1,-42.02
NZ_CP009354/1442154-1442357/apt_2,NZ_CP009847/1884813-1885023/apt_1,-42.45
NZ_CP009354/1442154-1442357/apt_2,NC_009783/2485129-2485339/apt_1,-40.96
NZ_CP009354/1442154-1442357/apt_2,NC_016613/1821145-1821354/apt_1,-38.03
NZ_CP009354/1442154-1442357/apt_2,NZ_CP013484/549960-550168/apt_1,-40.34
NZ_CP009354/1442154-1442357/apt_2,NC_013456/2228325-2228533/apt_1,-40.24
NZ_CP009354/1442154-1442357/apt_2,NZ_CP016347/1636768-1636977/apt_1,-38.21
NZ_CP009354/1442154-1442357/apt_2,NZ_CP009354/1442154-1442357/apt_1,-39.75
NZ_CP009354/1442154-1442357/apt_2,NZ_CP009264/1183330-1183543/apt_1,-37.97
NZ_CP009354/1442154-1442357/apt_2,NZ_CP016556/3409979-3410192/apt_1,-38.31
NZ_CP009354/1442154-1442357/apt_2,NZ_CP011406/1684498-1684708/apt_1,-42.14
NZ_CP009354/1442154-1442357/apt_2,NZ_CP016324/1619624-1619854/apt_1,-52.77
NZ_CP009354/1442154-1442357/apt_2,NC_002505/1520426-1520656/apt_1,-52.71
NZ_CP009354/1442154-1442357/apt_2,NC_017270/1416320-1416550/apt_1,-52.87
NZ_CP009354/1442154-1442357/apt_2,NC_009457/1078841-1079071/apt_1,-52.85
NZ_CP009354/1442154-1442357/apt_2,NZ_CP014043/2211608-2211837/apt_1,-52.18
NZ_CP009354/1442154-1442357/apt_2,NZ_LGLS01000001/580805-581018/apt_1,-38.98
NZ_CP009354/1442154-1442357/apt_2,NZ_CP009261/1622641-1622870/apt_1,-54.21
NZ_CP009354/1442154-1442357/apt_2,NC_005139/1639249-1639478/apt_1,-53.74
NZ_CP009354/1442154-1442357/apt_2,NC_004459/2743752-2743981/apt_1,-53.95
NZ_CP009354/1442154-1442357/apt_2,NZ_CP016351/1896934-1897143/apt_1,-38.26
NZ_CP009354/1442154-1442357/apt_2,NZ_CP016177/1449571-1449779/apt_2,6.91
NZ_CP009354/1442154-1442357/apt_2,NZ_LN554846/1395685-1395898/apt_2,14.57
NZ_CP009354/1442154-1442357/apt_2,NC_006840/1607738-1607953/apt_2,14.89
NZ_CP009354/1442154-1442357/apt_2,NC_011184/1633222-1633437/apt_2,14.43
NZ_CP009354/1442154-1442357/apt_2,NC_011312/1917427-1917640/apt_2,13.97
NC_022528/1969582-1969756/apt_2,NZ_CP009264/1183330-1183543/apt_2,22.21
NC_022528/1969582-1969756/apt_2,NZ_CP014038/335935-336145/apt_2,21.05
NC_022528/1969582-1969756/apt_2,NZ_CP016307/1666806-1667024/apt_2,15.61
NC_022528/1969582-1969756/apt_2,NC_004603/1855938-1856148/apt_2,20.65
NC_022528/1969582-1969756/apt_2,NC_009783/2485129-2485339/apt_2,20.41
NC_022528/1969582-1969756/apt_2,NC_004459/2743752-2743981/apt_2,23.59
NC_022528/1969582-1969756/apt_2,NC_013456/2228325-2228533/apt_2,25.41
NC_022528/1969582-1969756/apt_2,NZ_CP014043/2211608-2211837/apt_2,25.38
NC_022528/1969582-1969756/apt_2,NC_016602/2046029-2046257/apt_2,15.81
NC_022528/1969582-1969756/apt_2,NC_015633/1730293-1730506/apt_2,32.42
NC_022528/1969582-1969756/apt_2,NC_002505/1520426-1520656/apt_2,24.93
NC_022528/1969582-1969756/apt_2,NC_016613/1821145-1821354/apt_2,21.03
NC_022528/1969582-1969756/apt_2,NC_016602/2046029-2046257/apt_1,-48.85
NC_022528/1969582-1969756/apt_2,NZ_CP014035/1314770-1314998/apt_1,-49.73
NC_022528/1969582-1969756/apt_2,NC_011312/1917427-1917640/apt_1,-32.01
NC_022528/1969582-1969756/apt_2,NZ_CP016307/1666806-1667024/apt_1,-39.26
NC_022528/1969582-1969756/apt_2,NC_015633/1730293-1730506/apt_1,-45.69
NC_022528/1969582-1969756/apt_2,NZ_CP011460/1509763-1509976/apt_1,-46.45
NC_022528/1969582-1969756/apt_2,NZ_CP016177/1449571-1449779/apt_1,-22.81
NC_022528/1969582-1969756/apt_2,NC_006840/1607738-1607953/apt_1,-34.45
NC_022528/1969582-1969756/apt_2,NC_004603/1855938-1856148/apt_1,-42.36
NC_022528/1969582-1969756/apt_2,NZ_CP009847/1884813-1885023/apt_1,-42.78
NC_022528/1969582-1969756/apt_2,NC_009783/2485129-2485339/apt_1,-41.36
NC_022528/1969582-1969756/apt_2,NC_016613/1821145-1821354/apt_1,-40.01
NC_022528/1969582-1969756/apt_2,NZ_CP013484/549960-550168/apt_1,-41.38
NC_022528/1969582-1969756/apt_2,NC_013456/2228325-2228533/apt_1,-41.28
NC_022528/1969582-1969756/apt_2,NZ_CP016347/1636768-1636977/apt_1,-40.22
NC_022528/1969582-1969756/apt_2,NZ_CP009354/1442154-1442357/apt_1,-38.16
NC_022528/1969582-1969756/apt_2,NZ_CP009264/1183330-1183543/apt_1,-36.70
NC_022528/1969582-1969756/apt_2,NZ_CP016556/3409979-3410192/apt_1,-37.43
NC_022528/1969582-1969756/apt_2,NZ_CP011406/1684498-1684708/apt_1,-42.55
NC_022528/1969582-1969756/apt_2,NZ_CP016324/1619624-1619854/apt_1,-53.34
NC_022528/1969582-1969756/apt_2,NC_002505/1520426-1520656/apt_1,-51.97
NC_022528/1969582-1969756/apt_2,NC_017270/1416320-1416550/apt_1,-52.86
NC_022528/1969582-1969756/apt_2,NC_009457/1078841-1079071/apt_1,-52.92
NC_022528/1969582-1969756/apt_2,NZ_CP014043/2211608-2211837/apt_1,-50.77
NC_022528/1969582-1969756/apt_2,NZ_LGLS01000001/580805-581018/apt_1,-38.74
NC_022528/1969582-1969756/apt_2,NZ_CP009261/1622641-1622870/apt_1,-53.89
NC_022528/1969582-1969756/apt_2,NC_005139/1639249-1639478/apt_1,-53.39
NC_022528/1969582-1969756/apt_2,NC_004459/2743752-2743981/apt_1,-54.03
NC_022528/1969582-1969756/apt_2,NZ_CP016351/1896934-1897143/apt_1,-40.30
NC_022528/1969582-1969756/apt_2,NZ_CP016177/1449571-1449779/apt_2,8.40
NC_022528/1969582-1969756/apt_2,NZ_LN554846/1395685-1395898/apt_2,18.11
NC_022528/1969582-1969756/apt_2,NC_006840/1607738-1607953/apt_2,18.53
NC_022528/1969582-1969756/apt_2,NC_011184/1633222-1633437/apt_2,17.93
NC_022528/1969582-1969756/apt_2,NC_011312/1917427-1917640/apt_2,17.63
NZ_CP009264/1183330-1183543/apt_2,NZ_CP014038/335935-336145/apt_2,28.35
NZ_CP009264/1183330-1183543/apt_2,NZ_CP016307/1666806-1667024/apt_2,27.76
NZ_CP009264/1183330-1183543/apt_2,NC_004603/1855938-1856148/apt_2,27.98
NZ_CP009264/1183330-1183543/apt_2,NC_009783/2485129-2485339/apt_2,28.96
NZ_CP009264/1183330-1183543/apt_2,NC_004459/2743752-2743981/apt_2,25.89
NZ_CP009264/1183330-1183543/apt_2,NC_013456/2228325-2228533/apt_2,25.72
NZ_CP009264/1183330-1183543/apt_2,NZ_CP014043/2211608-2211837/apt_2,25.60
NZ_CP009264/1183330-1183543/apt_2,NC_016602/2046029-2046257/apt_2,28.34
NZ_CP009264/1183330-1183543/apt_2,NC_015633/1730293-1730506/apt_2,19.30
NZ_CP009264/1183330-1183543/apt_2,NC_002505/1520426-1520656/apt_2,26.04
NZ_CP009264/1183330-1183543/apt_2,NC_016613/1821145-1821354/apt_2,24.76
NZ_CP009264/1183330-1183543/apt_2,NC_016602/2046029-2046257/apt_1,-41.43
NZ_CP009264/1183330-1183543/apt_2,NZ_CP014035/1314770-1314998/apt_1,-42.34
NZ_CP009264/1183330-1183543/apt_2,NC_011312/1917427-1917640/apt_1,-30.08
NZ_CP009264/1183330-1183543/apt_2,NZ_CP016307/1666806-1667024/apt_1,-31.99
NZ_CP009264/1183330-1183543/apt_2,NC_015633/1730293-1730506/apt_1,-41.48
NZ_CP009264/1183330-1183543/apt_2,NZ_CP011460/1509763-1509976/apt_1,-42.09
NZ_CP009264/1183330-1183543/apt_2,NZ_CP016177/1449571-1449779/apt_1,-20.11
NZ_CP009264/1183330-1183543/apt_2,NC_006840/1607738-1607953/apt_1,-30.53
NZ_CP009264/1183330-1183543/apt_2,NC_004603/1855938-1856148/apt_1,-34.98
NZ_CP009264/1183330-1183543/apt_2,NZ_CP009847/1884813-1885023/apt_1,-34.83
NZ_CP009264/1183330-1183543/apt_2,NC_009783/2485129-2485339/apt_1,-33.12
NZ_CP009264/1183330-1183543/apt_2,NC_016613/1821145-1821354/apt_1,-32.78
NZ_CP009264/1183330-1183543/apt_2,NZ_CP013484/549960-550168/apt_1,-36.22
NZ_CP009264/1183330-1183543/apt_2,NC_013456/2228325-2228533/apt_1,-35.59
NZ_CP009264/1183330-1183543/apt_2,NZ_CP016347/1636768-1636977/apt_1,-33.60
NZ_CP009264/1183330-1183543/apt_2,NZ_CP009354/1442154-1442357/apt_1,-32.68
NZ_CP009264/1183330-1183543/apt_2,NZ_CP009264/1183330-1183543/apt_1,-30.10
NZ_CP009264/1183330-1183543/apt_2,NZ_CP016556/3409979-3410192/apt_1,-30.70
NZ_CP009264/1183330-1183543/apt_2,NZ_CP011406/1684498-1684708/apt_1,-34.60
NZ_CP009264/1183330-1183543/apt_2,NZ_CP016324/1619624-1619854/apt_1,-47.50
NZ_CP009264/1183330-1183543/apt_2,NC_002505/1520426-1520656/apt_1,-47.63
NZ_CP009264/1183330-1183543/apt_2,NC_017270/1416320-1416550/apt_1,-47.12
NZ_CP009264/1183330-1183543/apt_2,NC_009457/1078841-1079071/apt_1,-46.99
NZ_CP009264/1183330-1183543/apt_2,NZ_CP014043/2211608-2211837/apt_1,-43.54
NZ_CP009264/1183330-1183543/apt_2,NZ_LGLS01000001/580805-581018/apt_1,-32.50
NZ_CP009264/1183330-1183543/apt_2,NZ_CP009261/1622641-1622870/apt_1,-47.26
NZ_CP009264/1183330-1183543/apt_2,NC_005139/1639249-1639478/apt_1,-46.81
NZ_CP009264/1183330-1183543/apt_2,NC_004459/2743752-2743981/apt_1,-47.44
NZ_CP009264/1183330-1183543/apt_2,NZ_CP016351/1896934-1897143/apt_1,-33.69
NZ_CP009264/1183330-1183543/apt_2,NZ_CP016177/1449571-1449779/apt_2,-2.08
NZ_CP009264/1183330-1183543/apt_2,NZ_LN554846/1395685-1395898/apt_2,31.44
NZ_CP009264/1183330-1183543/apt_2,NC_006840/1607738-1607953/apt_2,31.34
NZ_CP009264/1183330-1183543/apt_2,NC_011184/1633222-1633437/apt_2,31.32
NZ_CP009264/1183330-1183543/apt_2,NC_011312/1917427-1917640/apt_2,30.37
NZ_CP014038/335935-336145/apt_2,NZ_CP016307/1666806-1667024/apt_2,25.29
NZ_CP014038/335935-336145/apt_2,NC_004603/1855938-1856148/apt_2,39.70
NZ_CP014038/335935-336145/apt_2,NC_009783/2485129-2485339/apt_2,38.28
NZ_CP014038/335935-336145/apt_2,NC_004459/2743752-2743981/apt_2,33.20
NZ_CP014038/335935-336145/apt_2,NC_013456/2228325-2228533/apt_2,30.83
NZ_CP014038/335935-336145/apt_2,NZ_CP014043/2211608-2211837/apt_2,29.25
NZ_CP014038/335935-336145/apt_2,NC_016602/2046029-2046257/apt_2,25.27
NZ_CP014038/335935-336145/apt_2,NC_015633/1730293-1730506/apt_2,21.86
NZ_CP014038/335935-336145/apt_2,NC_002505/1520426-1520656/apt_2,29.18
NZ_CP014038/335935-336145/apt_2,NC_016613/1821145-1821354/apt_2,30.68
NZ_CP014038/335935-336145/apt_2,NC_016602/2046029-2046257/apt_1,-47.60
NZ_CP014038/335935-336145/apt_2,NZ_CP014035/1314770-1314998/apt_1,-48.50
NZ_CP014038/335935-336145/apt_2,NC_011312/1917427-1917640/apt_1,-34.05
NZ_CP014038/335935-336145/apt_2,NZ_CP016307/1666806-1667024/apt_1,-35.81
NZ_CP014038/335935-336145/apt_2,NC_015633/1730293-1730506/apt_1,-45.23
NZ_CP014038/335935-336145/apt_2,NZ_CP011460/1509763-1509976/apt_1,-45.84
NZ_CP014038/335935-336145/apt_2,NZ_CP016177/1449571-1449779/apt_1,-25.41
NZ_CP014038/335935-336145/apt_2,NC_006840/1607738-1607953/apt_1,-34.23
NZ_CP014038/335935-336145/apt_2,NC_004603/1855938-1856148/apt_1,-40.90
NZ_CP014038/335935-336145/apt_2,NZ_CP009847/1884813-1885023/apt_1,-40.82
NZ_CP014038/335935-336145/apt_2,NC_009783/2485129-2485339/apt_1,-39.01
NZ_CP014038/335935-336145/apt_2,NC_016613/1821145-1821354/apt_1,-39.00
NZ_CP014038/335935-336145/apt_2,NZ_CP013484/549960-550168/apt_1,-41.84
NZ_CP014038/335935-336145/apt_2,NC_013456/2228325-2228533/apt_1,-41.27
NZ_CP014038/335935-336145/apt_2,NZ_CP016347/1636768-1636977/apt_1,-39.55
NZ_CP014038/335935-336145/apt_2,NZ_CP009354/1442154-1442357/apt_1,-36.69
NZ_CP014038/335935-336145/apt_2,NZ_CP009264/1183330-1183543/apt_1,-35.78
NZ_CP014038/335935-336145/apt_2,NZ_CP016556/3409979-3410192/apt_1,-36.46
NZ_CP014038/335935-336145/apt_2,NZ_CP011406/1684498-1684708/apt_1,-40.39
NZ_CP014038/335935-336145/apt_2,NZ_CP016324/1619624-1619854/apt_1,-53.48
NZ_CP014038/335935-336145/apt_2,NC_002505/1520426-1520656/apt_1,-53.53
NZ_CP014038/335935-336145/apt_2,NC_017270/1416320-1416550/apt_1,-53.58
NZ_CP014038/335935-336145/apt_2,NC_009457/1078841-1079071/apt_1,-53.16
NZ_CP014038/335935-336145/apt_2,NZ_CP014043/2211608-2211837/apt_1,-49.47
NZ_CP014038/335935-336145/apt_2,NZ_LGLS01000001/580805-581018/apt_1,-38.57
NZ_CP014038/335935-336145/apt_2,NZ_CP009261/1622641-1622870/apt_1,-52.80
NZ_CP014038/335935-336145/apt_2,NC_005139/1639249-1639478/apt_1,-51.69
NZ_CP014038/335935-336145/apt_2,NC_004459/2743752-2743981/apt_1,-52.30
NZ_CP014038/335935-336145/apt_2,NZ_CP016351/1896934-1897143/apt_1,-39.57
NZ_CP014038/335935-336145/apt_2,NZ_CP016177/1449571-1449779/apt_2,-1.81
NZ_CP014038/335935-336145/apt_2,NZ_LN554846/1395685-1395898/apt_2,23.28
NZ_CP014038/335935-336145/apt_2,NC_006840/1607738-1607953/apt_2,24.20
NZ_CP014038/335935-336145/apt_2,NC_011184/1633222-1633437/apt_2,23.80
NZ_CP014038/335935-336145/apt_2,NC_011312/1917427-1917640/apt_2,23.19
NZ_CP016307/1666806-1667024/apt_2,NC_004603/1855938-1856148/apt_2,25.95
NZ_CP016307/1666806-1667024/apt_2,NC_009783/2485129-2485339/apt_2,27.17
NZ_CP016307/1666806-1667024/apt_2,NC_004459/2743752-2743981/apt_2,23.84
NZ_CP016307/1666806-1667024/apt_2,NC_013456/2228325-2228533/apt_2,24.42
NZ_CP016307/1666806-1667024/apt_2,NZ_CP014043/2211608-2211837/apt_2,20.59
NZ_CP016307/1666806-1667024/apt_2,NC_016602/2046029-2046257/apt_2,25.80
NZ_CP016307/1666806-1667024/apt_2,NC_015633/1730293-1730506/apt_2,16.72
NZ_CP016307/1666806-1667024/apt_2,NC_002505/1520426-1520656/apt_2,20.91
NZ_CP016307/1666806-1667024/apt_2,NC_016613/1821145-1821354/apt_2,23.99
NZ_CP016307/1666806-1667024/apt_2,NC_016602/2046029-2046257/apt_1,-45.40
NZ_CP016307/1666806-1667024/apt_2,NZ_CP014035/1314770-1314998/apt_1,-46.11
NZ_CP016307/1666806-1667024/apt_2,NC_011312/1917427-1917640/apt_1,-33.34
NZ_CP016307/1666806-1667024/apt_2,NZ_CP016307/1666806-1667024/apt_1,-35.05
NZ_CP016307/1666806-1667024/apt_2,NC_015633/1730293-1730506/apt_1,-41.24
NZ_CP016307/1666806-1667024/apt_2,NZ_CP011460/1509763-1509976/apt_1,-41.68
NZ_CP016307/1666806-1667024/apt_2,NZ_CP016177/1449571-1449779/apt_1,-23.31
NZ_CP016307/1666806-1667024/apt_2,NC_006840/1607738-1607953/apt_1,-33.09
NZ_CP016307/1666806-1667024/apt_2,NC_004603/1855938-1856148/apt_1,-37.23
NZ_CP016307/1666806-1667024/apt_2,NZ_CP009847/1884813-1885023/apt_1,-37.79
NZ_CP016307/1666806-1667024/apt_2,NC_009783/2485129-2485339/apt_1,-36.34
NZ_CP016307/1666806-1667024/apt_2,NC_016613/1821145-1821354/apt_1,-37.09
NZ_CP016307/1666806-1667024/apt_2,NZ_CP013484/549960-550168/apt_1,-38.53
NZ_CP016307/1666806-1667024/apt_2,NC_013456/2228325-2228533/apt_1,-38.82
NZ_CP016307/1666806-1667024/apt_2,NZ_CP016347/1636768-1636977/apt_1,-36.96
NZ_CP016307/1666806-1667024/apt_2,NZ_CP009354/1442154-1442357/apt_1,-34.41
NZ_CP016307/1666806-1667024/apt_2,NZ_CP009264/1183330-1183543/apt_1,-34.11
NZ_CP016307/1666806-1667024/apt_2,NZ_CP016556/3409979-3410192/apt_1,-34.95
NZ_CP016307/1666806-1667024/apt_2,NZ_CP011406/1684498-1684708/apt_1,-37.07
NZ_CP016307/1666806-1667024/apt_2,NZ_CP016324/1619624-1619854/apt_1,-48.60
NZ_CP016307/1666806-1667024/apt_2,NC_002505/1520426-1520656/apt_1,-47.35
NZ_CP016307/1666806-1667024/apt_2,NC_017270/1416320-1416550/apt_1,-47.32
NZ_CP016307/1666806-1667024/apt_2,NC_009457/1078841-1079071/apt_1,-47.18
NZ_CP016307/1666806-1667024/apt_2,NZ_CP014043/2211608-2211837/apt_1,-47.19
NZ_CP016307/1666806-1667024/apt_2,NZ_LGLS01000001/580805-581018/apt_1,-36.50
NZ_CP016307/1666806-1667024/apt_2,NZ_CP009261/1622641-1622870/apt_1,-50.55
NZ_CP016307/1666806-1667024/apt_2,NC_005139/1639249-1639478/apt_1,-50.05
NZ_CP016307/1666806-1667024/apt_2,NC_004459/2743752-2743981/apt_1,-50.68
NZ_CP016307/1666806-1667024/apt_2,NZ_CP016351/1896934-1897143/apt_1,-37.03
NZ_CP016307/1666806-1667024/apt_2,NZ_CP016177/1449571-1449779/apt_2,-4.40
NZ_CP016307/1666806-1667024/apt_2,NZ_LN554846/1395685-1395898/apt_2,25.25
NZ_CP016307/1666806-1667024/apt_2,NC_006840/1607738-1607953/apt_2,26.01
NZ_CP016307/1666806-1667024/apt_2,NC_011184/1633222-1633437/apt_2,25.59
NZ_CP016307/1666806-1667024/apt_2,NC_011312/1917427-1917640/apt_2,24.43
NC_004603/1855938-1856148/apt_2,NC_009783/2485129-2485339/apt_2,38.94
NC_004603/1855938-1856148/apt_2,NC_004459/2743752-2743981/apt_2,33.85
NC_004603/1855938-1856148/apt_2,NC_013456/2228325-2228533/apt_2,31.47
NC_004603/1855938-1856148/apt_2,NZ_CP014043/2211608-2211837/apt_2,29.87
NC_004603/1855938-1856148/apt_2,NC_016602/2046029-2046257/apt_2,25.92
NC_004603/1855938-1856148/apt_2,NC_015633/1730293-1730506/apt_2,22.51
NC_004603/1855938-1856148/apt_2,NC_002505/1520426-1520656/apt_2,29.82
NC_004603/1855938-1856148/apt_2,NC_016613/1821145-1821354/apt_2,31.33
NC_004603/1855938-1856148/apt_2,NC_016602/2046029-2046257/apt_1,-47.35
NC_004603/1855938-1856148/apt_2,NZ_CP014035/1314770-1314998/apt_1,-48.26
NC_004603/1855938-1856148/apt_2,NC_011312/1917427-1917640/apt_1,-33.39
NC_004603/1855938-1856148/apt_2,NZ_CP016307/1666806-1667024/apt_1,-35.58
NC_004603/1855938-1856148/apt_2,NC_015633/1730293-1730506/apt_1,-44.49
NC_004603/1855938-1856148/apt_2,NZ_CP011460/1509763-1509976/apt_1,-45.09
NC_004603/1855938-1856148/apt_2,NZ_CP016177/1449571-1449779/apt_1,-24.59
NC_004603/1855938-1856148/apt_2,NC_006840/1607738-1607953/apt_1,-33.51
NC_004603/1855938-1856148/apt_2,NC_004603/1855938-1856148/apt_1,-40.60
NC_004603/1855938-1856148/apt_2,NZ_CP009847/1884813-1885023/apt_1,-40.50
NC_004603/1855938-1856148/apt_2,NC_009783/2485129-2485339/apt_1,-38.68
NC_004603/1855938-1856148/apt_2,NC_016613/1821145-1821354/apt_1,-38.66
NC_004603/1855938-1856148/apt_2,NZ_CP013484/549960-550168/apt_1,-41.54
NC_004603/1855938-1856148/apt_2,NC_013456/2228325-2228533/apt_1,-40.95
NC_004603/1855938-1856148/apt_2,NZ_CP016347/1636768-1636977/apt_1,-39.20
NC_004603/1855938-1856148/apt_2,NZ_CP009354/1442154-1442357/apt_1,-36.44
NC_004603/1855938-1856148/apt_2,NZ_CP009264/1183330-1183543/apt_1,-35.51
NC_004603/1855938-1856148/apt_2,NZ_CP016556/3409979-3410192/apt_1,-36.19
NC_004603/1855938-1856148/apt_2,NZ_CP011406/1684498-1684708/apt_1,-40.10
NC_004603/1855938-1856148/apt_2,NZ_CP016324/1619624-1619854/apt_1,-53.08
NC_004603/1855938-1856148/apt_2,NC_002505/1520426-1520656/apt_1,-52.81
NC_004603/1855938-1856148/apt_2,NC_017270/1416320-1416550/apt_1,-52.99
NC_004603/1855938-1856148/apt_2,NC_009457/1078841-1079071/apt_1,-52.42
NC_004603/1855938-1856148/apt_2,NZ_CP014043/2211608-2211837/apt_1,-48.72
NC_004603/1855938-1856148/apt_2,NZ_LGLS01000001/580805-581018/apt_1,-38.29
NC_004603/1855938-1856148/apt_2,NZ_CP009261/1622641-1622870/apt_1,-52.01
NC_004603/1855938-1856148/apt_2,NC_005139/1639249-1639478/apt_1,-50.91
NC_004603/1855938-1856148/apt_2,NC_004459/2743752-2743981/apt_1,-51.51
NC_004603/1855938-1856148/apt_2,NZ_CP016351/1896934-1897143/apt_1,-39.21
NC_004603/1855938-1856148/apt_2,NZ_CP016177/1449571-1449779/apt_2,-1.15
NC_004603/1855938-1856148/apt_2,NZ_LN554846/1395685-1395898/apt_2,23.93
NC_004603/1855938-1856148/apt_2,NC_006840/1607738-1607953/apt_2,24.85
NC_004603/1855938-1856148/apt_2,NC_011184/1633222-1633437/apt_2,24.45
NC_004603/1855938-1856148/apt_2,NC_011312/1917427-1917640/apt_2,23.86
NC_009783/2485129-2485339/apt_2,NC_004459/2743752-2743981/apt_2,33.73
NC_009783/2485129-2485339/apt_2,NC_013456/2228325-2228533/apt_2,32.15
NC_009783/2485129-2485339/apt_2,NZ_CP014043/2211608-2211837/apt_2,30.37
NC_009783/2485129-2485339/apt_2,NC_016602/2046029-2046257/apt_2,25.44
NC_009783/2485129-2485339/apt_2,NC_015633/1730293-1730506/apt_2,23.42
NC_009783/2485129-2485339/apt_2,NC_002505/1520426-1520656/apt_2,30.34
NC_009783/2485129-2485339/apt_2,NC_016613/1821145-1821354/apt_2,31.84
NC_009783/2485129-2485339/apt_2,NC_016602/2046029-2046257/apt_1,-46.12
NC_009783/2485129-2485339/apt_2,NZ_CP014035/1314770-1314998/apt_1,-47.01
NC_009783/2485129-2485339/apt_2,NC_011312/1917427-1917640/apt_1,-33.21
NC_009783/2485129-2485339/apt_2,NZ_CP016307/1666806-1667024/apt_1,-34.43
NC_009783/2485129-2485339/apt_2,NC_015633/1730293-1730506/apt_1,-44.42
NC_009783/2485129-2485339/apt_2,NZ_CP011460/1509763-1509976/apt_1,-45.00
NC_009783/2485129-2485339/apt_2,NZ_CP016177/1449571-1449779/apt_1,-22.61
NC_009783/2485129-2485339/apt_2,NC_006840/1607738-1607953/apt_1,-33.07
NC_009783/2485129-2485339/apt_2,NC_004603/1855938-1856148/apt_1,-39.07
NC_009783/2485129-2485339/apt_2,NZ_CP009847/1884813-1885023/apt_1,-38.96
NC_009783/2485129-2485339/apt_2,NC_009783/2485129-2485339/apt_1,-37.12
NC_009783/2485129-2485339/apt_2,NC_016613/1821145-1821354/apt_1,-37.02
NC_009783/2485129-2485339/apt_2,NZ_CP013484/549960-550168/apt_1,-40.03
NC_009783/2485129-2485339/apt_2,NC_013456/2228325-2228533/apt_1,-39.42
NC_009783/2485129-2485339/apt_2,NZ_CP016347/1636768-1636977/apt_1,-37.54
NC_009783/2485129-2485339/apt_2,NZ_CP009354/1442154-1442357/apt_1,-35.25
NC_009783/2485129-2485339/apt_2,NZ_CP009264/1183330-1183543/apt_1,-34.21
NC_009783/2485129-2485339/apt_2,NZ_CP016556/3409979-3410192/apt_1,-34.92
NC_009783/2485129-2485339/apt_2,NZ_CP011406/1684498-1684708/apt_1,-38.62
NC_009783/2485129-2485339/apt_2,NZ_CP016324/1619624-1619854/apt_1,-52.03
NC_009783/2485129-2485339/apt_2,NC_002505/1520426-1520656/apt_1,-50.68
NC_009783/2485129-2485339/apt_2,NC_017270/1416320-1416550/apt_1,-50.84
NC_009783/2485129-2485339/apt_2,NC_009457/1078841-1079071/apt_1,-50.26
NC_009783/2485129-2485339/apt_2,NZ_CP014043/2211608-2211837/apt_1,-47.50
NC_009783/2485129-2485339/apt_2,NZ_LGLS01000001/580805-581018/apt_1,-36.99
NC_009783/2485129-2485339/apt_2,NZ_CP009261/1622641-1622870/apt_1,-50.73
NC_009783/2485129-2485339/apt_2,NC_005139/1639249-1639478/apt_1,-49.64
NC_009783/2485129-2485339/apt_2,NC_004459/2743752-2743981/apt_1,-50.25
NC_009783/2485129-2485339/apt_2,NZ_CP016351/1896934-1897143/apt_1,-37.57
NC_009783/2485129-2485339/apt_2,NZ_CP016177/1449571-1449779/apt_2,0.54
NC_009783/2485129-2485339/apt_2,NZ_LN554846/1395685-1395898/apt_2,25.07
NC_009783/2485129-2485339/apt_2,NC_006840/1607738-1607953/apt_2,25.99
NC_009783/2485129-2485339/apt_2,NC_011184/1633222-1633437/apt_2,25.58
NC_009783/2485129-2485339/apt_2,NC_011312/1917427-1917640/apt_2,25.01
NC_004459/2743752-2743981/apt_2,NC_013456/2228325-2228533/apt_2,37.05
NC_004459/2743752-2743981/apt_2,NZ_CP014043/2211608-2211837/apt_2,35.39
NC_004459/2743752-2743981/apt_2,NC_016602/2046029-2046257/apt_2,23.67
NC_004459/2743752-2743981/apt_2,NC_015633/1730293-1730506/apt_2,25.13
NC_004459/2743752-2743981/apt_2,NC_002505/1520426-1520656/apt_2,35.68
NC_004459/2743752-2743981/apt_2,NC_016613/1821145-1821354/apt_2,33.11
NC_004459/2743752-2743981/apt_2,NC_016602/2046029-2046257/apt_1,-49.16
NC_004459/2743752-2743981/apt_2,NZ_CP014035/1314770-1314998/apt_1,-49.00
NC_004459/2743752-2743981/apt_2,NC_011312/1917427-1917640/apt_1,-31.49
NC_004459/2743752-2743981/apt_2,NZ_CP016307/1666806-1667024/apt_1,-37.10
NC_004459/2743752-2743981/apt_2,NC_015633/1730293-1730506/apt_1,-42.25
NC_004459/2743752-2743981/apt_2,NZ_CP011460/1509763-1509976/apt_1,-42.89
NC_004459/2743752-2743981/apt_2,NZ_CP016177/1449571-1449779/apt_1,-23.99
NC_004459/2743752-2743981/apt_2,NC_006840/1607738-1607953/apt_1,-32.69
NC_004459/2743752-2743981/apt_2,NC_004603/1855938-1856148/apt_1,-40.30
NC_004459/2743752-2743981/apt_2,NZ_CP009847/1884813-1885023/apt_1,-40.74
NC_004459/2743752-2743981/apt_2,NC_009783/2485129-2485339/apt_1,-39.08
NC_004459/2743752-2743981/apt_2,NC_016613/1821145-1821354/apt_1,-38.09
NC_004459/2743752-2743981/apt_2,NZ_CP013484/549960-550168/apt_1,-39.73
NC_004459/2743752-2743981/apt_2,NC_013456/2228325-2228533/apt_1,-39.65
NC_004459/2743752-2743981/apt_2,NZ_CP016347/1636768-1636977/apt_1,-38.27
NC_004459/2743752-2743981/apt_2,NZ_CP009354/1442154-1442357/apt_1,-38.02
NC_004459/2743752-2743981/apt_2,NZ_CP009264/1183330-1183543/apt_1,-37.55
NC_004459/2743752-2743981/apt_2,NZ_CP016556/3409979-3410192/apt_1,-38.16
NC_004459/2743752-2743981/apt_2,NZ_CP011406/1684498-1684708/apt_1,-40.44
NC_004459/2743752-2743981/apt_2,NZ_CP016324/1619624-1619854/apt_1,-53.35
NC_004459/2743752-2743981/apt_2,NC_002505/1520426-1520656/apt_1,-51.46
NC_004459/2743752-2743981/apt_2,NC_017270/1416320-1416550/apt_1,-52.28
NC_004459/2743752-2743981/apt_2,NC_009457/1078841-1079071/apt_1,-51.78
NC_004459/2743752-2743981/apt_2,NZ_CP014043/2211608-2211837/apt_1,-48.01
NC_004459/2743752-2743981/apt_2,NZ_LGLS01000001/580805-581018/apt_1,-39.71
NC_004459/2743752-2743981/apt_2,NZ_CP009261/1622641-1622870/apt_1,-51.59
NC_004459/2743752-2743981/apt_2,NC_005139/1639249-1639478/apt_1,-50.47
NC_004459/2743752-2743981/apt_2,NC_004459/2743752-2743981/apt_1,-51.10
NC_004459/2743752-2743981/apt_2,NZ_CP016351/1896934-1897143/apt_1,-38.31
NC_004459/2743752-2743981/apt_2,NZ_CP016177/1449571-1449779/apt_2,2.71
NC_004459/2743752-2743981/apt_2,NZ_LN554846/1395685-1395898/apt_2,21.93
NC_004459/2743752-2743981/apt_2,NC_006840/1607738-1607953/apt_2,22.86
NC_004459/2743752-2743981/apt_2,NC_011184/1633222-1633437/apt_2,22.47
NC_004459/2743752-2743981/apt_2,NC_011312/1917427-1917640/apt_2,21.85
NC_013456/2228325-2228533/apt_2,NZ_CP014043/2211608-2211837/apt_2,34.92
NC_013456/2228325-2228533/apt_2,NC_016602/2046029-2046257/apt_2,23.21
NC_013456/2228325-2228533/apt_2,NC_015633/1730293-1730506/apt_2,23.73
NC_013456/2228325-2228533/apt_2,NC_002505/1520426-1520656/apt_2,34.03
NC_013456/2228325-2228533/apt_2,NC_016613/1821145-1821354/apt_2,30.76
NC_013456/2228325-2228533/apt_2,NC_016602/2046029-2046257/apt_1,-47.08
NC_013456/2228325-2228533/apt_2,NZ_CP014035/1314770-1314998/apt_1,-47.51
NC_013456/2228325-2228533/apt_2,NC_011312/1917427-1917640/apt_1,-29.51
NC_013456/2228325-2228533/apt_2,NZ_CP016307/1666806-1667024/apt_1,-34.06
NC_013456/2228325-2228533/apt_2,NC_015633/1730293-1730506/apt_1,-42.62
NC_013456/2228325-2228533/apt_2,NZ_CP011460/1509763-1509976/apt_1,-43.26
NC_013456/2228325-2228533/apt_2,NZ_CP016177/1449571-1449779/apt_1,-22.27
NC_013456/2228325-2228533/apt_2,NC_006840/1607738-1607953/apt_1,-32.06
NC_013456/2228325-2228533/apt_2,NC_004603/1855938-1856148/apt_1,-38.28
NC_013456/2228325-2228533/apt_2,NZ_CP009847/1884813-1885023/apt_1,-38.73
NC_013456/2228325-2228533/apt_2,NC_009783/2485129-2485339/apt_1,-37.07
NC_013456/2228325-2228533/apt_2,NC_016613/1821145-1821354/apt_1,-36.03
NC_013456/2228325-2228533/apt_2,NZ_CP013484/549960-550168/apt_1,-37.68
NC_013456/2228325-2228533/apt_2,NC_013456/2228325-2228533/apt_1,-37.60
NC_013456/2228325-2228533/apt_2,NZ_CP016347/1636768-1636977/apt_1,-36.21
NC_013456/2228325-2228533/apt_2,NZ_CP009354/1442154-1442357/apt_1,-34.96
NC_013456/2228325-2228533/apt_2,NZ_CP009264/1183330-1183543/apt_1,-34.82
NC_013456/2228325-2228533/apt_2,NZ_CP016556/3409979-3410192/apt_1,-35.77
NC_013456/2228325-2228533/apt_2,NZ_CP011406/1684498-1684708/apt_1,-38.45
NC_013456/2228325-2228533/apt_2,NZ_CP016324/1619624-1619854/apt_1,-51.85
NC_013456/2228325-2228533/apt_2,NC_002505/1520426-1520656/apt_1,-50.15
NC_013456/2228325-2228533/apt_2,NC_017270/1416320-1416550/apt_1,-50.11
NC_013456/2228325-2228533/apt_2,NC_009457/1078841-1079071/apt_1,-50.11
NC_013456/2228325-2228533/apt_2,NZ_CP014043/2211608-2211837/apt_1,-48.66
NC_013456/2228325-2228533/apt_2,NZ_LGLS01000001/580805-581018/apt_1,-36.90
NC_013456/2228325-2228533/apt_2,NZ_CP009261/1622641-1622870/apt_1,-51.51
NC_013456/2228325-2228533/apt_2,NC_005139/1639249-1639478/apt_1,-50.54
NC_013456/2228325-2228533/apt_2,NC_004459/2743752-2743981/apt_1,-51.19
NC_013456/2228325-2228533/apt_2,NZ_CP016351/1896934-1897143/apt_1,-36.28
NC_013456/2228325-2228533/apt_2,NZ_CP016177/1449571-1449779/apt_2,1.32
NC_013456/2228325-2228533/apt_2,NZ_LN554846/1395685-1395898/apt_2,22.42
NC_013456/2228325-2228533/apt_2,NC_006840/1607738-1607953/apt_2,23.41
NC_013456/2228325-2228533/apt_2,NC_011184/1633222-1633437/apt_2,22.37
NC_013456/2228325-2228533/apt_2,NC_011312/1917427-1917640/apt_2,22.48
NZ_CP014043/2211608-2211837/apt_2,NC_016602/2046029-2046257/apt_2,24.26
NZ_CP014043/2211608-2211837/apt_2,NC_015633/1730293-1730506/apt_2,24.57
NZ_CP014043/2211608-2211837/apt_2,NC_002505/1520426-1520656/apt_2,38.44
NZ_CP014043/2211608-2211837/apt_2,NC_016613/1821145-1821354/apt_2,29.48
NZ_CP014043/2211608-2211837/apt_2,NC_016602/2046029-2046257/apt_1,-48.86
NZ_CP014043/2211608-2211837/apt_2,NZ_CP014035/1314770-1314998/apt_1,-49.50
NZ_CP014043/2211608-2211837/apt_2,NC_011312/1917427-1917640/apt_1,-33.17
NZ_CP014043/2211608-2211837/apt_2,NZ_CP016307/1666806-1667024/apt_1,-36.06
NZ_CP014043/2211608-2211837/apt_2,NC_015633/1730293-1730506/apt_1,-45.56
NZ_CP014043/2211608-2211837/apt_2,NZ_CP011460/1509763-1509976/apt_1,-46.21
NZ_CP014043/2211608-2211837/apt_2,NZ_CP016177/1449571-1449779/apt_1,-25.40
NZ_CP014043/2211608-2211837/apt_2,NC_006840/1607738-1607953/apt_1,-33.77
NZ_CP014043/2211608-2211837/apt_2,NC_004603/1855938-1856148/apt_1,-40.62
NZ_CP014043/2211608-2211837/apt_2,NZ_CP009847/1884813-1885023/apt_1,-41.03
NZ_CP014043/2211608-2211837/apt_2,NC_009783/2485129-2485339/apt_1,-39.30
NZ_CP014043/2211608-2211837/apt_2,NC_016613/1821145-1821354/apt_1,-38.15
NZ_CP014043/2211608-2211837/apt_2,NZ_CP013484/549960-550168/apt_1,-40.61
NZ_CP014043/2211608-2211837/apt_2,NC_013456/2228325-2228533/apt_1,-40.04
NZ_CP014043/2211608-2211837/apt_2,NZ_CP016347/1636768-1636977/apt_1,-38.86
NZ_CP014043/2211608-2211837/apt_2,NZ_CP009354/1442154-1442357/apt_1,-36.79
NZ_CP014043/2211608-2211837/apt_2,NZ_CP009264/1183330-1183543/apt_1,-35.85
NZ_CP014043/2211608-2211837/apt_2,NZ_CP016556/3409979-3410192/apt_1,-36.57
NZ_CP014043/2211608-2211837/apt_2,NZ_CP011406/1684498-1684708/apt_1,-40.69
NZ_CP014043/2211608-2211837/apt_2,NZ_CP016324/1619624-1619854/apt_1,-52.89
NZ_CP014043/2211608-2211837/apt_2,NC_002505/1520426-1520656/apt_1,-50.33
NZ_CP014043/2211608-2211837/apt_2,NC_017270/1416320-1416550/apt_1,-50.75
NZ_CP014043/2211608-2211837/apt_2,NC_009457/1078841-1079071/apt_1,-50.84
NZ_CP014043/2211608-2211837/apt_2,NZ_CP014043/2211608-2211837/apt_1,-46.75
NZ_CP014043/2211608-2211837/apt_2,NZ_LGLS01000001/580805-581018/apt_1,-37.35
NZ_CP014043/2211608-2211837/apt_2,NZ_CP009261/1622641-1622870/apt_1,-49.99
NZ_CP014043/2211608-2211837/apt_2,NC_005139/1639249-1639478/apt_1,-48.94
NZ_CP014043/2211608-2211837/apt_2,NC_004459/2743752-2743981/apt_1,-49.57
NZ_CP014043/2211608-2211837/apt_2,NZ_CP016351/1896934-1897143/apt_1,-38.93
NZ_CP014043/2211608-2211837/apt_2,NZ_CP016177/1449571-1449779/apt_2,2.73
NZ_CP014043/2211608-2211837/apt_2,NZ_LN554846/1395685-1395898/apt_2,21.93
NZ_CP014043/2211608-2211837/apt_2,NC_006840/1607738-1607953/apt_2,22.50
NZ_CP014043/2211608-2211837/apt_2,NC_011184/1633222-1633437/apt_2,22.40
NZ_CP014043/2211608-2211837/apt_2,NC_011312/1917427-1917640/apt_2,21.99
NC_016602/2046029-2046257/apt_2,NC_015633/1730293-1730506/apt_2,15.23
NC_016602/2046029-2046257/apt_2,NC_002505/1520426-1520656/apt_2,23.70
NC_016602/2046029-2046257/apt_2,NC_016613/1821145-1821354/apt_2,23.28
NC_016602/2046029-2046257/apt_2,NC_016602/2046029-2046257/apt_1,-46.08
NC_016602/2046029-2046257/apt_2,NZ_CP014035/1314770-1314998/apt_1,-46.62
NC_016602/2046029-2046257/apt_2,NC_011312/1917427-1917640/apt_1,-33.94
NC_016602/2046029-2046257/apt_2,NZ_CP016307/1666806-1667024/apt_1,-35.20
NC_016602/2046029-2046257/apt_2,NC_015633/1730293-1730506/apt_1,-44.51
NC_016602/2046029-2046257/apt_2,NZ_CP011460/1509763-1509976/apt_1,-45.03
NC_016602/2046029-2046257/apt_2,NZ_CP016177/1449571-1449779/apt_1,-22.66
NC_016602/2046029-2046257/apt_2,NC_006840/1607738-1607953/apt_1,-33.63
NC_016602/2046029-2046257/apt_2,NC_004603/1855938-1856148/apt_1,-37.08
NC_016602/2046029-2046257/apt_2,NZ_CP009847/1884813-1885023/apt_1,-37.12
NC_016602/2046029-2046257/apt_2,NC_009783/2485129-2485339/apt_1,-35.03
NC_016602/2046029-2046257/apt_2,NC_016613/1821145-1821354/apt_1,-36.64
NC_016602/2046029-2046257/apt_2,NZ_CP013484/549960-550168/apt_1,-37.45
NC_016602/2046029-2046257/apt_2,NC_013456/2228325-2228533/apt_1,-36.86
NC_016602/2046029-2046257/apt_2,NZ_CP016347/1636768-1636977/apt_1,-36.39
NC_016602/2046029-2046257/apt_2,NZ_CP009354/1442154-1442357/apt_1,-35.43
NC_016602/2046029-2046257/apt_2,NZ_CP009264/1183330-1183543/apt_1,-33.18
NC_016602/2046029-2046257/apt_2,NZ_CP016556/3409979-3410192/apt_1,-34.65
NC_016602/2046029-2046257/apt_2,NZ_CP011406/1684498-1684708/apt_1,-37.02
NC_016602/2046029-2046257/apt_2,NZ_CP016324/1619624-1619854/apt_1,-50.46
NC_016602/2046029-2046257/apt_2,NC_002505/1520426-1520656/apt_1,-49.93
NC_016602/2046029-2046257/apt_2,NC_017270/1416320-1416550/apt_1,-49.89
NC_016602/2046029-2046257/apt_2,NC_009457/1078841-1079071/apt_1,-49.74
NC_016602/2046029-2046257/apt_2,NZ_CP014043/2211608-2211837/apt_1,-47.79
NC_016602/2046029-2046257/apt_2,NZ_LGLS01000001/580805-581018/apt_1,-36.40
NC_016602/2046029-2046257/apt_2,NZ_CP009261/1622641-1622870/apt_1,-51.07
NC_016602/2046029-2046257/apt_2,NC_005139/1639249-1639478/apt_1,-50.01
NC_016602/2046029-2046257/apt_2,NC_004459/2743752-2743981/apt_1,-50.64
NC_016602/2046029-2046257/apt_2,NZ_CP016351/1896934-1897143/apt_1,-36.45
NC_016602/2046029-2046257/apt_2,NZ_CP016177/1449571-1449779/apt_2,-6.09
NC_016602/2046029-2046257/apt_2,NZ_LN554846/1395685-1395898/apt_2,21.43
NC_016602/2046029-2046257/apt_2,NC_006840/1607738-1607953/apt_2,22.25
NC_016602/2046029-2046257/apt_2,NC_011184/1633222-1633437/apt_2,21.77
NC_016602/2046029-2046257/apt_2,NC_011312/1917427-1917640/apt_2,20.84
NC_015633/1730293-1730506/apt_2,NC_002505/1520426-1520656/apt_2,25.68
NC_015633/1730293-1730506/apt_2,NC_016613/1821145-1821354/apt_2,22.85
NC_015633/1730293-1730506/apt_2,NC_016602/2046029-2046257/apt_1,-48.85
NC_015633/1730293-1730506/apt_2,NZ_CP014035/1314770-1314998/apt_1,-49.64
NC_015633/1730293-1730506/apt_2,NC_011312/1917427-1917640/apt_1,-30.93
NC_015633/1730293-1730506/apt_2,NZ_CP016307/1666806-1667024/apt_1,-39.37
NC_015633/1730293-1730506/apt_2,NC_015633/1730293-1730506/apt_1,-45.85
NC_015633/1730293-1730506/apt_2,NZ_CP011460/1509763-1509976/apt_1,-46.47
NC_015633/1730293-1730506/apt_2,NZ_CP016177/1449571-1449779/apt_1,-22.59
NC_015633/1730293-1730506/apt_2,NC_006840/1607738-1607953/apt_1,-34.18
NC_015633/1730293-1730506/apt_2,NC_004603/1855938-1856148/apt_1,-39.60
NC_015633/1730293-1730506/apt_2,NZ_CP009847/1884813-1885023/apt_1,-39.66
NC_015633/1730293-1730506/apt_2,NC_009783/2485129-2485339/apt_1,-38.97
NC_015633/1730293-1730506/apt_2,NC_016613/1821145-1821354/apt_1,-37.43
NC_015633/1730293-1730506/apt_2,NZ_CP013484/549960-550168/apt_1,-39.60
NC_015633/1730293-1730506/apt_2,NC_013456/2228325-2228533/apt_1,-38.99
NC_015633/1730293-1730506/apt_2,NZ_CP016347/1636768-1636977/apt_1,-38.20
NC_015633/1730293-1730506/apt_2,NZ_CP009354/1442154-1442357/apt_1,-40.40
NC_015633/1730293-1730506/apt_2,NZ_CP009264/1183330-1183543/apt_1,-37.26
NC_015633/1730293-1730506/apt_2,NZ_CP016556/3409979-3410192/apt_1,-37.82
NC_015633/1730293-1730506/apt_2,NZ_CP011406/1684498-1684708/apt_1,-39.54
NC_015633/1730293-1730506/apt_2,NZ_CP016324/1619624-1619854/apt_1,-53.69
NC_015633/1730293-1730506/apt_2,NC_002505/1520426-1520656/apt_1,-53.33
NC_015633/1730293-1730506/apt_2,NC_017270/1416320-1416550/apt_1,-52.80
NC_015633/1730293-1730506/apt_2,NC_009457/1078841-1079071/apt_1,-52.79
NC_015633/1730293-1730506/apt_2,NZ_CP014043/2211608-2211837/apt_1,-51.38
NC_015633/1730293-1730506/apt_2,NZ_LGLS01000001/580805-581018/apt_1,-38.90
NC_015633/1730293-1730506/apt_2,NZ_CP009261/1622641-1622870/apt_1,-52.69
NC_015633/1730293-1730506/apt_2,NC_005139/1639249-1639478/apt_1,-52.07
NC_015633/1730293-1730506/apt_2,NC_004459/2743752-2743981/apt_1,-52.53
NC_015633/1730293-1730506/apt_2,NZ_CP016351/1896934-1897143/apt_1,-38.20
NC_015633/1730293-1730506/apt_2,NZ_CP016177/1449571-1449779/apt_2,11.57
NC_015633/1730293-1730506/apt_2,NZ_LN554846/1395685-1395898/apt_2,16.44
NC_015633/1730293-1730506/apt_2,NC_006840/1607738-1607953/apt_2,17.12
NC_015633/1730293-1730506/apt_2,NC_011184/1633222-1633437/apt_2,16.98
NC_015633/1730293-1730506/apt_2,NC_011312/1917427-1917640/apt_2,16.73
NC_002505/1520426-1520656/apt_2,NC_016613/1821145-1821354/apt_2,31.11
NC_002505/1520426-1520656/apt_2,NC_016602/2046029-2046257/apt_1,-49.57
NC_002505/1520426-1520656/apt_2,NZ_CP014035/1314770-1314998/apt_1,-50.43
NC_002505/1520426-1520656/apt_2,NC_011312/1917427-1917640/apt_1,-33.73
NC_002505/1520426-1520656/apt_2,NZ_CP016307/1666806-1667024/apt_1,-37.09
NC_002505/1520426-1520656/apt_2,NC_015633/1730293-1730506/apt_1,-45.46
NC_002505/1520426-1520656/apt_2,NZ_CP011460/1509763-1509976/apt_1,-46.08
NC_002505/1520426-1520656/apt_2,NZ_CP016177/1449571-1449779/apt_1,-25.27
NC_002505/1520426-1520656/apt_2,NC_006840/1607738-1607953/apt_1,-33.80
NC_002505/1520426-1520656/apt_2,NC_004603/1855938-1856148/apt_1,-40.29
NC_002505/1520426-1520656/apt_2,NZ_CP009847/1884813-1885023/apt_1,-40.62
NC_002505/1520426-1520656/apt_2,NC_009783/2485129-2485339/apt_1,-39.07
NC_002505/1520426-1520656/apt_2,NC_016613/1821145-1821354/apt_1,-37.67
NC_002505/1520426-1520656/apt_2,NZ_CP013484/549960-550168/apt_1,-40.38
NC_002505/1520426-1520656/apt_2,NC_013456/2228325-2228533/apt_1,-39.79
NC_002505/1520426-1520656/apt_2,NZ_CP016347/1636768-1636977/apt_1,-38.32
NC_002505/1520426-1520656/apt_2,NZ_CP009354/1442154-1442357/apt_1,-37.84
NC_002505/1520426-1520656/apt_2,NZ_CP009264/1183330-1183543/apt_1,-36.18
NC_002505/1520426-1520656/apt_2,NZ_CP016556/3409979-3410192/apt_1,-36.79
NC_002505/1520426-1520656/apt_2,NZ_CP011406/1684498-1684708/apt_1,-40.46
NC_002505/1520426-1520656/apt_2,NZ_CP016324/1619624-1619854/apt_1,-53.07
NC_002505/1520426-1520656/apt_2,NC_002505/1520426-1520656/apt_1,-50.60
NC_002505/1520426-1520656/apt_2,NC_017270/1416320-1416550/apt_1,-50.91
NC_002505/1520426-1520656/apt_2,NC_009457/1078841-1079071/apt_1,-50.99
NC_002505/1520426-1520656/apt_2,NZ_CP014043/2211608-2211837/apt_1,-47.36
NC_002505/1520426-1520656/apt_2,NZ_LGLS01000001/580805-581018/apt_1,-37.88
NC_002505/1520426-1520656/apt_2,NZ_CP009261/1622641-1622870/apt_1,-50.86
NC_002505/1520426-1520656/apt_2,NC_005139/1639249-1639478/apt_1,-49.82
NC_002505/1520426-1520656/apt_2,NC_004459/2743752-2743981/apt_1,-50.43
NC_002505/1520426-1520656/apt_2,NZ_CP016351/1896934-1897143/apt_1,-38.37
NC_002505/1520426-1520656/apt_2,NZ_CP016177/1449571-1449779/apt_2,2.72
NC_002505/1520426-1520656/apt_2,NZ_LN554846/1395685-1395898/apt_2,21.58
NC_002505/1520426-1520656/apt_2,NC_006840/1607738-1607953/apt_2,22.13
NC_002505/1520426-1520656/apt_2,NC_011184/1633222-1633437/apt_2,22.03
NC_002505/1520426-1520656/apt_2,NC_011312/1917427-1917640/apt_2,21.08
NC_016613/1821145-1821354/apt_2,NC_016602/2046029-2046257/apt_1,-49.72
NC_016613/1821145-1821354/apt_2,NZ_CP014035/1314770-1314998/apt_1,-50.61
NC_016613/1821145-1821354/apt_2,NC_011312/1917427-1917640/apt_1,-33.88
NC_016613/1821145-1821354/apt_2,NZ_CP016307/1666806-1667024/apt_1,-37.96
NC_016613/1821145-1821354/apt_2,NC_015633/1730293-1730506/apt_1,-44.70
NC_016613/1821145-1821354/apt_2,NZ_CP011460/1509763-1509976/apt_1,-45.29
NC_016613/1821145-1821354/apt_2,NZ_CP016177/1449571-1449779/apt_1,-24.96
NC_016613/1821145-1821354/apt_2,NC_006840/1607738-1607953/apt_1,-33.75
NC_016613/1821145-1821354/apt_2,NC_004603/1855938-1856148/apt_1,-40.43
NC_016613/1821145-1821354/apt_2,NZ_CP009847/1884813-1885023/apt_1,-40.74
NC_016613/1821145-1821354/apt_2,NC_009783/2485129-2485339/apt_1,-39.22
NC_016613/1821145-1821354/apt_2,NC_016613/1821145-1821354/apt_1,-38.62
NC_016613/1821145-1821354/apt_2,NZ_CP013484/549960-550168/apt_1,-40.67
NC_016613/1821145-1821354/apt_2,NC_013456/2228325-2228533/apt_1,-40.08
NC_016613/1821145-1821354/apt_2,NZ_CP016347/1636768-1636977/apt_1,-39.29
NC_016613/1821145-1821354/apt_2,NZ_CP009354/1442154-1442357/apt_1,-38.46
NC_016613/1821145-1821354/apt_2,NZ_CP009264/1183330-1183543/apt_1,-35.89
NC_016613/1821145-1821354/apt_2,NZ_CP016556/3409979-3410192/apt_1,-36.59
NC_016613/1821145-1821354/apt_2,NZ_CP011406/1684498-1684708/apt_1,-40.59
NC_016613/1821145-1821354/apt_2,NZ_CP016324/1619624-1619854/apt_1,-52.80
NC_016613/1821145-1821354/apt_2,NC_002505/1520426-1520656/apt_1,-51.55
NC_016613/1821145-1821354/apt_2,NC_017270/1416320-1416550/apt_1,-52.02
NC_016613/1821145-1821354/apt_2,NC_009457/1078841-1079071/apt_1,-52.03
NC_016613/1821145-1821354/apt_2,NZ_CP014043/2211608-2211837/apt_1,-48.77
NC_016613/1821145-1821354/apt_2,NZ_LGLS01000001/580805-581018/apt_1,-38.09
NC_016613/1821145-1821354/apt_2,NZ_CP009261/1622641-1622870/apt_1,-51.29
NC_016613/1821145-1821354/apt_2,NC_005139/1639249-1639478/apt_1,-51.48
NC_016613/1821145-1821354/apt_2,NC_004459/2743752-2743981/apt_1,-52.08
NC_016613/1821145-1821354/apt_2,NZ_CP016351/1896934-1897143/apt_1,-39.49
NC_016613/1821145-1821354/apt_2,NZ_CP016177/1449571-1449779/apt_2,0.67
NC_016613/1821145-1821354/apt_2,NZ_LN554846/1395685-1395898/apt_2,22.51
NC_016613/1821145-1821354/apt_2,NC_006840/1607738-1607953/apt_2,23.43
NC_016613/1821145-1821354/apt_2,NC_011184/1633222-1633437/apt_2,23.04
NC_016613/1821145-1821354/apt_2,NC_011312/1917427-1917640/apt_2,22.39
NC_016602/2046029-2046257/apt_1,NZ_CP014035/1314770-1314998/apt_1,48.90
NC_016602/2046029-2046257/apt_1,NC_011312/1917427-1917640/apt_1,1.99
NC_016602/2046029-2046257/apt_1,NZ_CP016307/1666806-1667024/apt_1,7.56
NC_016602/2046029-2046257/apt_1,NC_015633/1730293-1730506/apt_1,14.91
NC_016602/2046029-2046257/apt_1,NZ_CP011460/1509763-1509976/apt_1,15.21
NC_016602/2046029-2046257/apt_1,NZ_CP016177/1449571-1449779/apt_1,-9.18
NC_016602/2046029-2046257/apt_1,NC_006840/1607738-1607953/apt_1,0.08
NC_016602/2046029-2046257/apt_1,NC_004603/1855938-1856148/apt_1,-1.98
NC_016602/2046029-2046257/apt_1,NZ_CP009847/1884813-1885023/apt_1,-0.86
NC_016602/2046029-2046257/apt_1,NC_009783/2485129-2485339/apt_1,-1.54
NC_016602/2046029-2046257/apt_1,NC_016613/1821145-1821354/apt_1,1.56
NC_016602/2046029-2046257/apt_1,NZ_CP013484/549960-550168/apt_1,-1.80
NC_016602/2046029-2046257/apt_1,NC_013456/2228325-2228533/apt_1,-1.14
NC_016602/2046029-2046257/apt_1,NZ_CP016347/1636768-1636977/apt_1,2.08
NC_016602/2046029-2046257/apt_1,NZ_CP009354/1442154-1442357/apt_1,4.75
NC_016602/2046029-2046257/apt_1,NZ_CP009264/1183330-1183543/apt_1,7.75
NC_016602/2046029-2046257/apt_1,NZ_CP016556/3409979-3410192/apt_1,8.82
NC_016602/2046029-2046257/apt_1,NZ_CP011406/1684498-1684708/apt_1,-3.36
NC_016602/2046029-2046257/apt_1,NZ_CP016324/1619624-1619854/apt_1,17.33
NC_016602/2046029-2046257/apt_1,NC_002505/1520426-1520656/apt_1,19.28
NC_016602/2046029-2046257/apt_1,NC_017270/1416320-1416550/apt_1,19.41
NC_016602/2046029-2046257/apt_1,NC_009457/1078841-1079071/apt_1,19.80
NC_016602/2046029-2046257/apt_1,NZ_CP014043/2211608-2211837/apt_1,20.84
NC_016602/2046029-2046257/apt_1,NZ_LGLS01000001/580805-581018/apt_1,8.51
NC_016602/2046029-2046257/apt_1,NZ_CP009261/1622641-1622870/apt_1,13.69
NC_016602/2046029-2046257/apt_1,NC_005139/1639249-1639478/apt_1,14.50
NC_016602/2046029-2046257/apt_1,NC_004459/2743752-2743981/apt_1,13.58
NC_016602/2046029-2046257/apt_1,NZ_CP016351/1896934-1897143/apt_1,1.05
NC_016602/2046029-2046257/apt_1,NZ_CP016177/1449571-1449779/apt_2,-37.99
NC_016602/2046029-2046257/apt_1,NZ_LN554846/1395685-1395898/apt_2,-42.95
NC_016602/2046029-2046257/apt_1,NC_006840/1607738-1607953/apt_2,-42.36
NC_016602/2046029-2046257/apt_1,NC_011184/1633222-1633437/apt_2,-43.39
NC_016602/2046029-2046257/apt_1,NC_011312/1917427-1917640/apt_2,-40.98
NZ_CP014035/1314770-1314998/apt_1,NC_011312/1917427-1917640/apt_1,2.09
NZ_CP014035/1314770-1314998/apt_1,NZ_CP016307/1666806-1667024/apt_1,8.11
NZ_CP014035/1314770-1314998/apt_1,NC_015633/1730293-1730506/apt_1,17.45
NZ_CP014035/1314770-1314998/apt_1,NZ_CP011460/1509763-1509976/apt_1,17.39
NZ_CP014035/1314770-1314998/apt_1,NZ_CP016177/1449571-1449779/apt_1,-8.42
NZ_CP014035/1314770-1314998/apt_1,NC_006840/1607738-1607953/apt_1,2.05
NZ_CP014035/1314770-1314998/apt_1,NC_004603/1855938-1856148/apt_1,-0.85
NZ_CP014035/1314770-1314998/apt_1,NZ_CP009847/1884813-1885023/apt_1,0.27
NZ_CP014035/1314770-1314998/apt_1,NC_009783/2485129-2485339/apt_1,-0.77
NZ_CP014035/1314770-1314998/apt_1,NC_016613/1821145-1821354/apt_1,2.47
NZ_CP014035/1314770-1314998/apt_1,NZ_CP013484/549960-550168/apt_1,-0.59
NZ_CP014035/1314770-1314998/apt_1,NC_013456/2228325-2228533/apt_1,0.08
NZ_CP014035/1314770-1314998/apt_1,NZ_CP016347/1636768-1636977/apt_1,2.98
NZ_CP014035/1314770-1314998/apt_1,NZ_CP009354/1442154-1442357/apt_1,5.63
NZ_CP014035/1314770-1314998/apt_1,NZ_CP009264/1183330-1183543/apt_1,8.56
NZ_CP014035/1314770-1314998/apt_1,NZ_CP016556/3409979-3410192/apt_1,9.66
NZ_CP014035/1314770-1314998/apt_1,NZ_CP011406/1684498-1684708/apt_1,-2.25
NZ_CP014035/1314770-1314998/apt_1,NZ_CP016324/1619624-1619854/apt_1,17.91
NZ_CP014035/1314770-1314998/apt_1,NC_002505/1520426-1520656/apt_1,20.30
NZ_CP014035/1314770-1314998/apt_1,NC_017270/1416320-1416550/apt_1,20.43
NZ_CP014035/1314770-1314998/apt_1,NC_009457/1078841-1079071/apt_1,20.78
NZ_CP014035/1314770-1314998/apt_1,NZ_CP014043/2211608-2211837/apt_1,21.86
NZ_CP014035/1314770-1314998/apt_1,NZ_LGLS01000001/580805-581018/apt_1,9.29
NZ_CP014035/1314770-1314998/apt_1,NZ_CP009261/1622641-1622870/apt_1,13.74
NZ_CP014035/1314770-1314998/apt_1,NC_005139/1639249-1639478/apt_1,14.54
NZ_CP014035/1314770-1314998/apt_1,NC_004459/2743752-2743981/apt_1,13.61
NZ_CP014035/1314770-1314998/apt_1,NZ_CP016351/1896934-1897143/apt_1,1.96
NZ_CP014035/1314770-1314998/apt_1,NZ_CP016177/1449571-1449779/apt_2,-38.69
NZ_CP014035/1314770-1314998/apt_1,NZ_LN554846/1395685-1395898/apt_2,-43.87
NZ_CP014035/1314770-1314998/apt_1,NC_006840/1607738-1607953/apt_2,-43.31
NZ_CP014035/1314770-1314998/apt_1,NC_011184/1633222-1633437/apt_2,-44.32
NZ_CP014035/1314770-1314998/apt_1,NC_011312/1917427-1917640/apt_2,-41.93
NC_011312/1917427-1917640/apt_1,NZ_CP016307/1666806-1667024/apt_1,-9.69
NC_011312/1917427-1917640/apt_1,NC_015633/1730293-1730506/apt_1,-0.15
NC_011312/1917427-1917640/apt_1,NZ_CP011460/1509763-1509976/apt_1,-0.26
NC_011312/1917427-1917640/apt_1,NZ_CP016177/1449571-1449779/apt_1,4.49
NC_011312/1917427-1917640/apt_1,NC_006840/1607738-1607953/apt_1,22.12
NC_011312/1917427-1917640/apt_1,NC_004603/1855938-1856148/apt_1,-19.62
NC_011312/1917427-1917640/apt_1,NZ_CP009847/1884813-1885023/apt_1,-19.96
NC_011312/1917427-1917640/apt_1,NC_009783/2485129-2485339/apt_1,-19.48
NC_011312/1917427-1917640/apt_1,NC_016613/1821145-1821354/apt_1,-15.86
NC_011312/1917427-1917640/apt_1,NZ_CP013484/549960-550168/apt_1,-17.97
NC_011312/1917427-1917640/apt_1,NC_013456/2228325-2228533/apt_1,-17.73
NC_011312/1917427-1917640/apt_1,NZ_CP016347/1636768-1636977/apt_1,-14.76
NC_011312/1917427-1917640/apt_1,NZ_CP009354/1442154-1442357/apt_1,-8.75
NC_011312/1917427-1917640/apt_1,NZ_CP009264/1183330-1183543/apt_1,-7.68
NC_011312/1917427-1917640/apt_1,NZ_CP016556/3409979-3410192/apt_1,-9.28
NC_011312/1917427-1917640/apt_1,NZ_CP011406/1684498-1684708/apt_1,-18.89
NC_011312/1917427-1917640/apt_1,NZ_CP016324/1619624-1619854/apt_1,-7.38
NC_011312/1917427-1917640/apt_1,NC_002505/1520426-1520656/apt_1,-6.62
NC_011312/1917427-1917640/apt_1,NC_017270/1416320-1416550/apt_1,-6.98
NC_011312/1917427-1917640/apt_1,NC_009457/1078841-1079071/apt_1,-6.90
NC_011312/1917427-1917640/apt_1,NZ_CP014043/2211608-2211837/apt_1,-5.12
NC_011312/1917427-1917640/apt_1,NZ_LGLS01000001/580805-581018/apt_1,-9.59
NC_011312/1917427-1917640/apt_1,NZ_CP009261/1622641-1622870/apt_1,-5.54
NC_011312/1917427-1917640/apt_1,NC_005139/1639249-1639478/apt_1,-5.54
NC_011312/1917427-1917640/apt_1,NC_004459/2743752-2743981/apt_1,-5.63
NC_011312/1917427-1917640/apt_1,NZ_CP016351/1896934-1897143/apt_1,-15.83
NC_011312/1917427-1917640/apt_1,NZ_CP016177/1449571-1449779/apt_2,-22.36
NC_011312/1917427-1917640/apt_1,NZ_LN554846/1395685-1395898/apt_2,-30.41
NC_011312/1917427-1917640/apt_1,NC_006840/1607738-1607953/apt_2,-29.42
NC_011312/1917427-1917640/apt_1,NC_011184/1633222-1633437/apt_2,-30.56
NC_011312/1917427-1917640/apt_1,NC_011312/1917427-1917640/apt_2,-30.43
NZ_CP016307/1666806-1667024/apt_1,NC_015633/1730293-1730506/apt_1,-2.68
NZ_CP016307/1666806-1667024/apt_1,NZ_CP011460/1509763-1509976/apt_1,-2.44
NZ_CP016307/1666806-1667024/apt_1,NZ_CP016177/1449571-1449779/apt_1,-19.92
NZ_CP016307/1666806-1667024/apt_1,NC_006840/1607738-1607953/apt_1,-12.62
NZ_CP016307/1666806-1667024/apt_1,NC_004603/1855938-1856148/apt_1,18.98
NZ_CP016307/1666806-1667024/apt_1,NZ_CP009847/1884813-1885023/apt_1,20.14
NZ_CP016307/1666806-1667024/apt_1,NC_009783/2485129-2485339/apt_1,18.57
NZ_CP016307/1666806-1667024/apt_1,NC_016613/1821145-1821354/apt_1,22.10
NZ_CP016307/1666806-1667024/apt_1,NZ_CP013484/549960-550168/apt_1,18.69
NZ_CP016307/1666806-1667024/apt_1,NC_013456/2228325-2228533/apt_1,18.96
NZ_CP016307/1666806-1667024/apt_1,NZ_CP016347/1636768-1636977/apt_1,22.38
NZ_CP016307/1666806-1667024/apt_1,NZ_CP009354/1442154-1442357/apt_1,28.88
NZ_CP016307/1666806-1667024/apt_1,NZ_CP009264/1183330-1183543/apt_1,29.30
NZ_CP016307/1666806-1667024/apt_1,NZ_CP016556/3409979-3410192/apt_1,28.55
NZ_CP016307/1666806-1667024/apt_1,NZ_CP011406/1684498-1684708/apt_1,17.59
NZ_CP016307/1666806-1667024/apt_1,NZ_CP016324/1619624-1619854/apt_1,10.07
NZ_CP016307/1666806-1667024/apt_1,NC_002505/1520426-1520656/apt_1,8.65
NZ_CP016307/1666806-1667024/apt_1,NC_017270/1416320-1416550/apt_1,8.78
NZ_CP016307/1666806-1667024/apt_1,NC_009457/1078841-1079071/apt_1,9.00
NZ_CP016307/1666806-1667024/apt_1,NZ_CP014043/2211608-2211837/apt_1,10.35
NZ_CP016307/1666806-1667024/apt_1,NZ_LGLS01000001/580805-581018/apt_1,28.41
NZ_CP016307/1666806-1667024/apt_1,NZ_CP009261/1622641-1622870/apt_1,-0.17
NZ_CP016307/1666806-1667024/apt_1,NC_005139/1639249-1639478/apt_1,-0.25
NZ_CP016307/1666806-1667024/apt_1,NC_004459/2743752-2743981/apt_1,-0.25
NZ_CP016307/1666806-1667024/apt_1,NZ_CP016351/1896934-1897143/apt_1,21.39
NZ_CP016307/1666806-1667024/apt_1,NZ_CP016177/1449571-1449779/apt_2,-29.42
NZ_CP016307/1666806-1667024/apt_1,NZ_LN554846/1395685-1395898/apt_2,-33.04
NZ_CP016307/1666806-1667024/apt_1,NC_006840/1607738-1607953/apt_2,-31.49
NZ_CP016307/1666806-1667024/apt_1,NC_011184/1633222-1633437/apt_2,-32.65
NZ_CP016307/1666806-1667024/apt_1,NC_011312/1917427-1917640/apt_2,-30.70
NC_015633/1730293-1730506/apt_1,NZ_CP011460/1509763-1509976/apt_1,47.65
NC_015633/1730293-1730506/apt_1,NZ_CP016177/1449571-1449779/apt_1,-6.90
NC_015633/1730293-1730506/apt_1,NC_006840/1607738-1607953/apt_1,3.32
NC_015633/1730293-1730506/apt_1,NC_004603/1855938-1856148/apt_1,-7.26
NC_015633/1730293-1730506/apt_1,NZ_CP009847/1884813-1885023/apt_1,-7.87
NC_015633/1730293-1730506/apt_1,NC_009783/2485129-2485339/apt_1,-8.50
NC_015633/1730293-1730506/apt_1,NC_016613/1821145-1821354/apt_1,-3.79
NC_015633/1730293-1730506/apt_1,NZ_CP013484/549960-550168/apt_1,-6.40
NC_015633/1730293-1730506/apt_1,NC_013456/2228325-2228533/apt_1,-6.72
NC_015633/1730293-1730506/apt_1,NZ_CP016347/1636768-1636977/apt_1,-2.78
NC_015633/1730293-1730506/apt_1,NZ_CP009354/1442154-1442357/apt_1,-2.37
NC_015633/1730293-1730506/apt_1,NZ_CP009264/1183330-1183543/apt_1,-2.80
NC_015633/1730293-1730506/apt_1,NZ_CP016556/3409979-3410192/apt_1,-3.10
NC_015633/1730293-1730506/apt_1,NZ_CP011406/1684498-1684708/apt_1,-8.32
NC_015633/1730293-1730506/apt_1,NZ_CP016324/1619624-1619854/apt_1,0.53
NC_015633/1730293-1730506/apt_1,NC_002505/1520426-1520656/apt_1,2.38
NC_015633/1730293-1730506/apt_1,NC_017270/1416320-1416550/apt_1,2.63
NC_015633/1730293-1730506/apt_1,NC_009457/1078841-1079071/apt_1,3.25
NC_015633/1730293-1730506/apt_1,NZ_CP014043/2211608-2211837/apt_1,4.08
NC_015633/1730293-1730506/apt_1,NZ_LGLS01000001/580805-581018/apt_1,-3.59
NC_015633/1730293-1730506/apt_1,NZ_CP009261/1622641-1622870/apt_1,5.01
NC_015633/1730293-1730506/apt_1,NC_005139/1639249-1639478/apt_1,4.43
NC_015633/1730293-1730506/apt_1,NC_004459/2743752-2743981/apt_1,4.86
NC_015633/1730293-1730506/apt_1,NZ_CP016351/1896934-1897143/apt_1,-3.76
NC_015633/1730293-1730506/apt_1,NZ_CP016177/1449571-1449779/apt_2,-34.36
NC_015633/1730293-1730506/apt_1,NZ_LN554846/1395685-1395898/apt_2,-40.63
NC_015633/1730293-1730506/apt_1,NC_006840/1607738-1607953/apt_2,-41.11
NC_015633/1730293-1730506/apt_1,NC_011184/1633222-1633437/apt_2,-40.76
NC_015633/1730293-1730506/apt_1,NC_011312/1917427-1917640/apt_2,-40.80
NZ_CP011460/1509763-1509976/apt_1,NZ_CP016177/1449571-1449779/apt_1,-6.96
NZ_CP011460/1509763-1509976/apt_1,NC_006840/1607738-1607953/apt_1,3.53
NZ_CP011460/1509763-1509976/apt_1,NC_004603/1855938-1856148/apt_1,-6.87
NZ_CP011460/1509763-1509976/apt_1,NZ_CP009847/1884813-1885023/apt_1,-7.50
NZ_CP011460/1509763-1509976/apt_1,NC_009783/2485129-2485339/apt_1,-8.18
NZ_CP011460/1509763-1509976/apt_1,NC_016613/1821145-1821354/apt_1,-3.63
NZ_CP011460/1509763-1509976/apt_1,NZ_CP013484/549960-550168/apt_1,-6.37
NZ_CP011460/1509763-1509976/apt_1,NC_013456/2228325-2228533/apt_1,-6.67
NZ_CP011460/1509763-1509976/apt_1,NZ_CP016347/1636768-1636977/apt_1,-2.61
NZ_CP011460/1509763-1509976/apt_1,NZ_CP009354/1442154-1442357/apt_1,-2.20
NZ_CP011460/1509763-1509976/apt_1,NZ_CP009264/1183330-1183543/apt_1,-2.76
NZ_CP011460/1509763-1509976/apt_1,NZ_CP016556/3409979-3410192/apt_1,-3.01
NZ_CP011460/1509763-1509976/apt_1,NZ_CP011406/1684498-1684708/apt_1,-7.94
NZ_CP011460/1509763-1509976/apt_1,NZ_CP016324/1619624-1619854/apt_1,1.05
NZ_CP011460/1509763-1509976/apt_1,NC_002505/1520426-1520656/apt_1,2.70
NZ_CP011460/1509763-1509976/apt_1,NC_017270/1416320-1416550/apt_1,2.95
NZ_CP011460/1509763-1509976/apt_1,NC_009457/1078841-1079071/apt_1,3.57
NZ_CP011460/1509763-1509976/apt_1,NZ_CP014043/2211608-2211837/apt_1,4.52
NZ_CP011460/1509763-1509976/apt_1,NZ_LGLS01000001/580805-581018/apt_1,-3.54
NZ_CP011460/1509763-1509976/apt_1,NZ_CP009261/1622641-1622870/apt_1,5.51
NZ_CP011460/1509763-1509976/apt_1,NC_005139/1639249-1639478/apt_1,4.94
NZ_CP011460/1509763-1509976/apt_1,NC_004459/2743752-2743981/apt_1,5.32
NZ_CP011460/1509763-1509976/apt_1,NZ_CP016351/1896934-1897143/apt_1,-3.59
NZ_CP011460/1509763-1509976/apt_1,NZ_CP016177/1449571-1449779/apt_2,-34.88
NZ_CP011460/1509763-1509976/apt_1,NZ_LN554846/1395685-1395898/apt_2,-41.23
NZ_CP011460/1509763-1509976/apt_1,NC_006840/1607738-1607953/apt_2,-41.71
NZ_CP011460/1509763-1509976/apt_1,NC_011184/1633222-1633437/apt_2,-41.36
NZ_CP011460/1509763-1509976/apt_1,NC_011312/1917427-1917640/apt_2,-41.38
NZ_CP016177/1449571-1449779/apt_1,NC_006840/1607738-1607953/apt_1,7.60
NZ_CP016177/1449571-1449779/apt_1,NC_004603/1855938-1856148/apt_1,-22.04
NZ_CP016177/1449571-1449779/apt_1,NZ_CP009847/1884813-1885023/apt_1,-23.01
NZ_CP016177/1449571-1449779/apt_1,NC_009783/2485129-2485339/apt_1,-22.36
NZ_CP016177/1449571-1449779/apt_1,NC_016613/1821145-1821354/apt_1,-18.98
NZ_CP016177/1449571-1449779/apt_1,NZ_CP013484/549960-550168/apt_1,-20.12
NZ_CP016177/1449571-1449779/apt_1,NC_013456/2228325-2228533/apt_1,-19.79
NZ_CP016177/1449571-1449779/apt_1,NZ_CP016347/1636768-1636977/apt_1,-17.38
NZ_CP016177/1449571-1449779/apt_1,NZ_CP009354/1442154-1442357/apt_1,-17.03
NZ_CP016177/1449571-1449779/apt_1,NZ_CP009264/1183330-1183543/apt_1,-14.10
NZ_CP016177/1449571-1449779/apt_1,NZ_CP016556/3409979-3410192/apt_1,-17.64
NZ_CP016177/1449571-1449779/apt_1,NZ_CP011406/1684498-1684708/apt_1,-23.48
NZ_CP016177/1449571-1449779/apt_1,NZ_CP016324/1619624-1619854/apt_1,-11.43
NZ_CP016177/1449571-1449779/apt_1,NC_002505/1520426-1520656/apt_1,-10.59
NZ_CP016177/1449571-1449779/apt_1,NC_017270/1416320-1416550/apt_1,-10.04
NZ_CP016177/1449571-1449779/apt_1,NC_009457/1078841-1079071/apt_1,-9.37
NZ_CP016177/1449571-1449779/apt_1,NZ_CP014043/2211608-2211837/apt_1,-8.33
NZ_CP016177/1449571-1449779/apt_1,NZ_LGLS01000001/580805-581018/apt_1,-18.61
NZ_CP016177/1449571-1449779/apt_1,NZ_CP009261/1622641-1622870/apt_1,-13.87
NZ_CP016177/1449571-1449779/apt_1,NC_005139/1639249-1639478/apt_1,-13.04
NZ_CP016177/1449571-1449779/apt_1,NC_004459/2743752-2743981/apt_1,-13.40
NZ_CP016177/1449571-1449779/apt_1,NZ_CP016351/1896934-1897143/apt_1,-18.44
NZ_CP016177/1449571-1449779/apt_1,NZ_CP016177/1449571-1449779/apt_2,-29.88
NZ_CP016177/1449571-1449779/apt_1,NZ_LN554846/1395685-1395898/apt_2,-22.15
NZ_CP016177/1449571-1449779/apt_1,NC_006840/1607738-1607953/apt_2,-21.16
NZ_CP016177/1449571-1449779/apt_1,NC_011184/1633222-1633437/apt_2,-22.25
NZ_CP016177/1449571-1449779/apt_1,NC_011312/1917427-1917640/apt_2,-20.84
NC_006840/1607738-1607953/apt_1,NC_004603/1855938-1856148/apt_1,-19.34
NC_006840/1607738-1607953/apt_1,NZ_CP009847/1884813-1885023/apt_1,-19.68
NC_006840/1607738-1607953/apt_1,NC_009783/2485129-2485339/apt_1,-19.61
NC_006840/1607738-1607953/apt_1,NC_016613/1821145-1821354/apt_1,-16.65
NC_006840/1607738-1607953/apt_1,NZ_CP013484/549960-550168/apt_1,-19.29
NC_006840/1607738-1607953/apt_1,NC_013456/2228325-2228533/apt_1,-19.58
NC_006840/1607738-1607953/apt_1,NZ_CP016347/1636768-1636977/apt_1,-16.46
NC_006840/1607738-1607953/apt_1,NZ_CP009354/1442154-1442357/apt_1,-12.20
NC_006840/1607738-1607953/apt_1,NZ_CP009264/1183330-1183543/apt_1,-11.46
NC_006840/1607738-1607953/apt_1,NZ_CP016556/3409979-3410192/apt_1,-12.29
NC_006840/1607738-1607953/apt_1,NZ_CP011406/1684498-1684708/apt_1,-19.15
NC_006840/1607738-1607953/apt_1,NZ_CP016324/1619624-1619854/apt_1,-7.60
NC_006840/1607738-1607953/apt_1,NC_002505/1520426-1520656/apt_1,-6.88
NC_006840/1607738-1607953/apt_1,NC_017270/1416320-1416550/apt_1,-6.30
NC_006840/1607738-1607953/apt_1,NC_009457/1078841-1079071/apt_1,-5.71
NC_006840/1607738-1607953/apt_1,NZ_CP014043/2211608-2211837/apt_1,-4.44
NC_006840/1607738-1607953/apt_1,NZ_LGLS01000001/580805-581018/apt_1,-13.45
NC_006840/1607738-1607953/apt_1,NZ_CP009261/1622641-1622870/apt_1,-2.32
NC_006840/1607738-1607953/apt_1,NC_005139/1639249-1639478/apt_1,-1.91
NC_006840/1607738-1607953/apt_1,NC_004459/2743752-2743981/apt_1,-2.69
NC_006840/1607738-1607953/apt_1,NZ_CP016351/1896934-1897143/apt_1,-17.47
NC_006840/1607738-1607953/apt_1,NZ_CP016177/1449571-1449779/apt_2,-29.64
NC_006840/1607738-1607953/apt_1,NZ_LN554846/1395685-1395898/apt_2,-31.15
NC_006840/1607738-1607953/apt_1,NC_006840/1607738-1607953/apt_2,-31.05
NC_006840/1607738-1607953/apt_1,NC_011184/1633222-1633437/apt_2,-31.29
NC_006840/1607738-1607953/apt_1,NC_011312/1917427-1917640/apt_2,-31.27
NC_004603/1855938-1856148/apt_1,NZ_CP009847/1884813-1885023/apt_1,46.18
NC_004603/1855938-1856148/apt_1,NC_009783/2485129-2485339/apt_1,41.83
NC_004603/1855938-1856148/apt_1,NC_016613/1821145-1821354/apt_1,33.81
NC_004603/1855938-1856148/apt_1,NZ_CP013484/549960-550168/apt_1,39.44
NC_004603/1855938-1856148/apt_1,NC_013456/2228325-2228533/apt_1,40.14
NC_004603/1855938-1856148/apt_1,NZ_CP016347/1636768-1636977/apt_1,35.62
NC_004603/1855938-1856148/apt_1,NZ_CP009354/1442154-1442357/apt_1,27.23
NC_004603/1855938-1856148/apt_1,NZ_CP009264/1183330-1183543/apt_1,22.48
NC_004603/1855938-1856148/apt_1,NZ_CP016556/3409979-3410192/apt_1,22.57
NC_004603/1855938-1856148/apt_1,NZ_CP011406/1684498-1684708/apt_1,46.42
NC_004603/1855938-1856148/apt_1,NZ_CP016324/1619624-1619854/apt_1,-3.76
NC_004603/1855938-1856148/apt_1,NC_002505/1520426-1520656/apt_1,-3.23
NC_004603/1855938-1856148/apt_1,NC_017270/1416320-1416550/apt_1,-3.22
NC_004603/1855938-1856148/apt_1,NC_009457/1078841-1079071/apt_1,-3.06
NC_004603/1855938-1856148/apt_1,NZ_CP014043/2211608-2211837/apt_1,-2.18
NC_004603/1855938-1856148/apt_1,NZ_LGLS01000001/580805-581018/apt_1,21.88
NC_004603/1855938-1856148/apt_1,NZ_CP009261/1622641-1622870/apt_1,-0.23
NC_004603/1855938-1856148/apt_1,NC_005139/1639249-1639478/apt_1,-0.32
NC_004603/1855938-1856148/apt_1,NC_004459/2743752-2743981/apt_1,-0.31
NC_004603/1855938-1856148/apt_1,NZ_CP016351/1896934-1897143/apt_1,34.71
NC_004603/1855938-1856148/apt_1,NZ_CP016177/1449571-1449779/apt_2,-31.16
NC_004603/1855938-1856148/apt_1,NZ_LN554846/1395685-1395898/apt_2,-36.39
NC_004603/1855938-1856148/apt_1,NC_006840/1607738-1607953/apt_2,-36.25
NC_004603/1855938-1856148/apt_1,NC_011184/1633222-1633437/apt_2,-36.82
NC_004603/1855938-1856148/apt_1,NC_011312/1917427-1917640/apt_2,-35.43
NZ_CP009847/1884813-1885023/apt_1,NC_009783/2485129-2485339/apt_1,42.89
NZ_CP009847/1884813-1885023/apt_1,NC_016613/1821145-1821354/apt_1,34.79
NZ_CP009847/1884813-1885023/apt_1,NZ_CP013484/549960-550168/apt_1,40.65
NZ_CP009847/1884813-1885023/apt_1,NC_013456/2228325-2228533/apt_1,41.36
NZ_CP009847/1884813-1885023/apt_1,NZ_CP016347/1636768-1636977/apt_1,35.34
NZ_CP009847/1884813-1885023/apt_1,NZ_CP009354/1442154-1442357/apt_1,25.63
NZ_CP009847/1884813-1885023/apt_1,NZ_CP009264/1183330-1183543/apt_1,22.96
NZ_CP009847/1884813-1885023/apt_1,NZ_CP016556/3409979-3410192/apt_1,23.90
NZ_CP009847/1884813-1885023/apt_1,NZ_CP011406/1684498-1684708/apt_1,44.80
NZ_CP009847/1884813-1885023/apt_1,NZ_CP016324/1619624-1619854/apt_1,-2.65
NZ_CP009847/1884813-1885023/apt_1,NC_002505/1520426-1520656/apt_1,-2.07
NZ_CP009847/1884813-1885023/apt_1,NC_017270/1416320-1416550/apt_1,-2.06
NZ_CP009847/1884813-1885023/apt_1,NC_009457/1078841-1079071/apt_1,-1.89
NZ_CP009847/1884813-1885023/apt_1,NZ_CP014043/2211608-2211837/apt_1,-1.00
NZ_CP009847/1884813-1885023/apt_1,NZ_LGLS01000001/580805-581018/apt_1,23.16
NZ_CP009847/1884813-1885023/apt_1,NZ_CP009261/1622641-1622870/apt_1,-0.10
NZ_CP009847/1884813-1885023/apt_1,NC_005139/1639249-1639478/apt_1,-0.19
NZ_CP009847/1884813-1885023/apt_1,NC_004459/2743752-2743981/apt_1,-0.17
NZ_CP009847/1884813-1885023/apt_1,NZ_CP016351/1896934-1897143/apt_1,34.45
NZ_CP009847/1884813-1885023/apt_1,NZ_CP016177/1449571-1449779/apt_2,-31.17
NZ_CP009847/1884813-1885023/apt_1,NZ_LN554846/1395685-1395898/apt_2,-36.21
NZ_CP009847/1884813-1885023/apt_1,NC_006840/1607738-1607953/apt_2,-36.06
NZ_CP009847/1884813-1885023/apt_1,NC_011184/1633222-1633437/apt_2,-36.64
NZ_CP009847/1884813-1885023/apt_1,NC_011312/1917427-1917640/apt_2,-35.24
NC_009783/2485129-2485339/apt_1,NC_016613/1821145-1821354/apt_1,33.72
NC_009783/2485129-2485339/apt_1,NZ_CP013484/549960-550168/apt_1,40.13
NC_009783/2485129-2485339/apt_1,NC_013456/2228325-2228533/apt_1,40.84
NC_009783/2485129-2485339/apt_1,NZ_CP016347/1636768-1636977/apt_1,34.25
NC_009783/2485129-2485339/apt_1,NZ_CP009354/1442154-1442357/apt_1,23.45
NC_009783/2485129-2485339/apt_1,NZ_CP009264/1183330-1183543/apt_1,20.95
NC_009783/2485129-2485339/apt_1,NZ_CP016556/3409979-3410192/apt_1,21.74
NC_009783/2485129-2485339/apt_1,NZ_CP011406/1684498-1684708/apt_1,40.97
NC_009783/2485129-2485339/apt_1,NZ_CP016324/1619624-1619854/apt_1,-4.05
NC_009783/2485129-2485339/apt_1,NC_002505/1520426-1520656/apt_1,-4.04
NC_009783/2485129-2485339/apt_1,NC_017270/1416320-1416550/apt_1,-4.33
NC_009783/2485129-2485339/apt_1,NC_009457/1078841-1079071/apt_1,-4.12
NC_009783/2485129-2485339/apt_1,NZ_CP014043/2211608-2211837/apt_1,-3.13
NC_009783/2485129-2485339/apt_1,NZ_LGLS01000001/580805-581018/apt_1,22.28
NC_009783/2485129-2485339/apt_1,NZ_CP009261/1622641-1622870/apt_1,-1.25
NC_009783/2485129-2485339/apt_1,NC_005139/1639249-1639478/apt_1,-1.34
NC_009783/2485129-2485339/apt_1,NC_004459/2743752-2743981/apt_1,-1.32
NC_009783/2485129-2485339/apt_1,NZ_CP016351/1896934-1897143/apt_1,33.35
NC_009783/2485129-2485339/apt_1,NZ_CP016177/1449571-1449779/apt_2,-30.45
NC_009783/2485129-2485339/apt_1,NZ_LN554846/1395685-1395898/apt_2,-34.76
NC_009783/2485129-2485339/apt_1,NC_006840/1607738-1607953/apt_2,-34.61
NC_009783/2485129-2485339/apt_1,NC_011184/1633222-1633437/apt_2,-35.20
NC_009783/2485129-2485339/apt_1,NC_011312/1917427-1917640/apt_2,-33.81
NC_016613/1821145-1821354/apt_1,NZ_CP013484/549960-550168/apt_1,38.64
NC_016613/1821145-1821354/apt_1,NC_013456/2228325-2228533/apt_1,39.36
NC_016613/1821145-1821354/apt_1,NZ_CP016347/1636768-1636977/apt_1,48.55
NC_016613/1821145-1821354/apt_1,NZ_CP009354/1442154-1442357/apt_1,31.68
NC_016613/1821145-1821354/apt_1,NZ_CP009264/1183330-1183543/apt_1,29.08
NC_016613/1821145-1821354/apt_1,NZ_CP016556/3409979-3410192/apt_1,29.26
NC_016613/1821145-1821354/apt_1,NZ_CP011406/1684498-1684708/apt_1,32.56
NC_016613/1821145-1821354/apt_1,NZ_CP016324/1619624-1619854/apt_1,1.01
NC_016613/1821145-1821354/apt_1,NC_002505/1520426-1520656/apt_1,2.64
NC_016613/1821145-1821354/apt_1,NC_017270/1416320-1416550/apt_1,2.64
NC_016613/1821145-1821354/apt_1,NC_009457/1078841-1079071/apt_1,3.11
NC_016613/1821145-1821354/apt_1,NZ_CP014043/2211608-2211837/apt_1,3.80
NC_016613/1821145-1821354/apt_1,NZ_LGLS01000001/580805-581018/apt_1,29.23
NC_016613/1821145-1821354/apt_1,NZ_CP009261/1622641-1622870/apt_1,1.18
NC_016613/1821145-1821354/apt_1,NC_005139/1639249-1639478/apt_1,0.91
NC_016613/1821145-1821354/apt_1,NC_004459/2743752-2743981/apt_1,0.92
NC_016613/1821145-1821354/apt_1,NZ_CP016351/1896934-1897143/apt_1,47.60
NC_016613/1821145-1821354/apt_1,NZ_CP016177/1449571-1449779/apt_2,-28.59
NC_016613/1821145-1821354/apt_1,NZ_LN554846/1395685-1395898/apt_2,-34.58
NC_016613/1821145-1821354/apt_1,NC_006840/1607738-1607953/apt_2,-33.81
NC_016613/1821145-1821354/apt_1,NC_011184/1633222-1633437/apt_2,-35.02
NC_016613/1821145-1821354/apt_1,NC_011312/1917427-1917640/apt_2,-33.35
NZ_CP013484/549960-550168/apt_1,NC_013456/2228325-2228533/apt_1,48.52
NZ_CP013484/549960-550168/apt_1,NZ_CP016347/1636768-1636977/apt_1,39.19
NZ_CP013484/549960-550168/apt_1,NZ_CP009354/1442154-1442357/apt_1,26.09
NZ_CP013484/549960-550168/apt_1,NZ_CP009264/1183330-1183543/apt_1,24.28
NZ_CP013484/549960-550168/apt_1,NZ_CP016556/3409979-3410192/apt_1,23.88
NZ_CP013484/549960-550168/apt_1,NZ_CP011406/1684498-1684708/apt_1,38.54
NZ_CP013484/549960-550168/apt_1,NZ_CP016324/1619624-1619854/apt_1,-2.34
NZ_CP013484/549960-550168/apt_1,NC_002505/1520426-1520656/apt_1,-1.90
NZ_CP013484/549960-550168/apt_1,NC_017270/1416320-1416550/apt_1,-1.91
NZ_CP013484/549960-550168/apt_1,NC_009457/1078841-1079071/apt_1,-1.46
NZ_CP013484/549960-550168/apt_1,NZ_CP014043/2211608-2211837/apt_1,-0.74
NZ_CP013484/549960-550168/apt_1,NZ_LGLS01000001/580805-581018/apt_1,23.65
NZ_CP013484/549960-550168/apt_1,NZ_CP009261/1622641-1622870/apt_1,-1.71
NZ_CP013484/549960-550168/apt_1,NC_005139/1639249-1639478/apt_1,-1.85
NZ_CP013484/549960-550168/apt_1,NC_004459/2743752-2743981/apt_1,-1.85
NZ_CP013484/549960-550168/apt_1,NZ_CP016351/1896934-1897143/apt_1,38.29
NZ_CP013484/549960-550168/apt_1,NZ_CP016177/1449571-1449779/apt_2,-30.86
NZ_CP013484/549960-550168/apt_1,NZ_LN554846/1395685-1395898/apt_2,-37.47
NZ_CP013484/549960-550168/apt_1,NC_006840/1607738-1607953/apt_2,-36.75
NZ_CP013484/549960-550168/apt_1,NC_011184/1633222-1633437/apt_2,-37.92
NZ_CP013484/549960-550168/apt_1,NC_011312/1917427-1917640/apt_2,-35.53
NC_013456/2228325-2228533/apt_1,NZ_CP016347/1636768-1636977/apt_1,39.91
NC_013456/2228325-2228533/apt_1,NZ_CP009354/1442154-1442357/apt_1,26.31
NC_013456/2228325-2228533/apt_1,NZ_CP009264/1183330-1183543/apt_1,24.96
NC_013456/2228325-2228533/apt_1,NZ_CP016556/3409979-3410192/apt_1,24.57
NC_013456/2228325-2228533/apt_1,NZ_CP011406/1684498-1684708/apt_1,39.24
NC_013456/2228325-2228533/apt_1,NZ_CP016324/1619624-1619854/apt_1,-1.66
NC_013456/2228325-2228533/apt_1,NC_002505/1520426-1520656/apt_1,-1.23
NC_013456/2228325-2228533/apt_1,NC_017270/1416320-1416550/apt_1,-1.23
NC_013456/2228325-2228533/apt_1,NC_009457/1078841-1079071/apt_1,-0.77
NC_013456/2228325-2228533/apt_1,NZ_CP014043/2211608-2211837/apt_1,-0.04
NC_013456/2228325-2228533/apt_1,NZ_LGLS01000001/580805-581018/apt_1,24.34
NC_013456/2228325-2228533/apt_1,NZ_CP009261/1622641-1622870/apt_1,-1.00
NC_013456/2228325-2228533/apt_1,NC_005139/1639249-1639478/apt_1,-1.15
NC_013456/2228325-2228533/apt_1,NC_004459/2743752-2743981/apt_1,-1.14
NC_013456/2228325-2228533/apt_1,NZ_CP016351/1896934-1897143/apt_1,39.02
NC_013456/2228325-2228533/apt_1,NZ_CP016177/1449571-1449779/apt_2,-30.24
NC_013456/2228325-2228533/apt_1,NZ_LN554846/1395685-1395898/apt_2,-37.44
NC_013456/2228325-2228533/apt_1,NC_006840/1607738-1607953/apt_2,-36.71
NC_013456/2228325-2228533/apt_1,NC_011184/1633222-1633437/apt_2,-37.90
NC_013456/2228325-2228533/apt_1,NC_011312/1917427-1917640/apt_2,-35.48
NZ_CP016347/1636768-1636977/apt_1,NZ_CP009354/1442154-1442357/apt_1,33.40
NZ_CP016347/1636768-1636977/apt_1,NZ_CP009264/1183330-1183543/apt_1,29.73
NZ_CP016347/1636768-1636977/apt_1,NZ_CP016556/3409979-3410192/apt_1,29.68
NZ_CP016347/1636768-1636977/apt_1,NZ_CP011406/1684498-1684708/apt_1,34.35
NZ_CP016347/1636768-1636977/apt_1,NZ_CP016324/1619624-1619854/apt_1,1.40
NZ_CP016347/1636768-1636977/apt_1,NC_002505/1520426-1520656/apt_1,3.06
NZ_CP016347/1636768-1636977/apt_1,NC_017270/1416320-1416550/apt_1,3.07
NZ_CP016347/1636768-1636977/apt_1,NC_009457/1078841-1079071/apt_1,3.55
NZ_CP016347/1636768-1636977/apt_1,NZ_CP014043/2211608-2211837/apt_1,4.22
NZ_CP016347/1636768-1636977/apt_1,NZ_LGLS01000001/580805-581018/apt_1,29.68
NZ_CP016347/1636768-1636977/apt_1,NZ_CP009261/1622641-1622870/apt_1,2.53
NZ_CP016347/1636768-1636977/apt_1,NC_005139/1639249-1639478/apt_1,2.27
NZ_CP016347/1636768-1636977/apt_1,NC_004459/2743752-2743981/apt_1,2.28
NZ_CP016347/1636768-1636977/apt_1,NZ_CP016351/1896934-1897143/apt_1,49.91
NZ_CP016347/1636768-1636977/apt_1,NZ_CP016177/1449571-1449779/apt_2,-28.14
NZ_CP016347/1636768-1636977/apt_1,NZ_LN554846/1395685-1395898/apt_2,-34.99
NZ_CP016347/1636768-1636977/apt_1,NC_006840/1607738-1607953/apt_2,-34.22
NZ_CP016347/1636768-1636977/apt_1,NC_011184/1633222-1633437/apt_2,-35.43
NZ_CP016347/1636768-1636977/apt_1,NC_011312/1917427-1917640/apt_2,-33.75
NZ_CP009354/1442154-1442357/apt_1,NZ_CP009264/1183330-1183543/apt_1,38.15
NZ_CP009354/1442154-1442357/apt_1,NZ_CP016556/3409979-3410192/apt_1,39.70
NZ_CP009354/1442154-1442357/apt_1,NZ_CP011406/1684498-1684708/apt_1,25.91
NZ_CP009354/1442154-1442357/apt_1,NZ_CP016324/1619624-1619854/apt_1,5.57
NZ_CP009354/1442154-1442357/apt_1,NC_002505/1520426-1520656/apt_1,5.82
NZ_CP009354/1442154-1442357/apt_1,NC_017270/1416320-1416550/apt_1,6.40
NZ_CP009354/1442154-1442357/apt_1,NC_009457/1078841-1079071/apt_1,6.09
NZ_CP009354/1442154-1442357/apt_1,NZ_CP014043/2211608-2211837/apt_1,7.16
NZ_CP009354/1442154-1442357/apt_1,NZ_LGLS01000001/580805-581018/apt_1,37.05
NZ_CP009354/1442154-1442357/apt_1,NZ_CP009261/1622641-1622870/apt_1,2.25
NZ_CP009354/1442154-1442357/apt_1,NC_005139/1639249-1639478/apt_1,2.13
NZ_CP009354/1442154-1442357/apt_1,NC_004459/2743752-2743981/apt_1,2.13
NZ_CP009354/1442154-1442357/apt_1,NZ_CP016351/1896934-1897143/apt_1,32.41
NZ_CP009354/1442154-1442357/apt_1,NZ_CP016177/1449571-1449779/apt_2,-27.56
NZ_CP009354/1442154-1442357/apt_1,NZ_LN554846/1395685-1395898/apt_2,-33.85
NZ_CP009354/1442154-1442357/apt_1,NC_006840/1607738-1607953/apt_2,-32.77
NZ_CP009354/1442154-1442357/apt_1,NC_011184/1633222-1633437/apt_2,-33.97
NZ_CP009354/1442154-1442357/apt_1,NC_011312/1917427-1917640/apt_2,-32.10
NZ_CP009264/1183330-1183543/apt_1,NZ_CP016556/3409979-3410192/apt_1,46.62
NZ_CP009264/1183330-1183543/apt_1,NZ_CP011406/1684498-1684708/apt_1,20.63
NZ_CP009264/1183330-1183543/apt_1,NZ_CP016324/1619624-1619854/apt_1,10.01
NZ_CP009264/1183330-1183543/apt_1,NC_002505/1520426-1520656/apt_1,10.25
NZ_CP009264/1183330-1183543/apt_1,NC_017270/1416320-1416550/apt_1,10.21
NZ_CP009264/1183330-1183543/apt_1,NC_009457/1078841-1079071/apt_1,10.55
NZ_CP009264/1183330-1183543/apt_1,NZ_CP014043/2211608-2211837/apt_1,12.09
NZ_CP009264/1183330-1183543/apt_1,NZ_LGLS01000001/580805-581018/apt_1,43.82
NZ_CP009264/1183330-1183543/apt_1,NZ_CP009261/1622641-1622870/apt_1,2.62
NZ_CP009264/1183330-1183543/apt_1,NC_005139/1639249-1639478/apt_1,2.91
NZ_CP009264/1183330-1183543/apt_1,NC_004459/2743752-2743981/apt_1,2.89
NZ_CP009264/1183330-1183543/apt_1,NZ_CP016351/1896934-1897143/apt_1,28.71
NZ_CP009264/1183330-1183543/apt_1,NZ_CP016177/1449571-1449779/apt_2,-29.46
NZ_CP009264/1183330-1183543/apt_1,NZ_LN554846/1395685-1395898/apt_2,-32.26
NZ_CP009264/1183330-1183543/apt_1,NC_006840/1607738-1607953/apt_2,-31.31
NZ_CP009264/1183330-1183543/apt_1,NC_011184/1633222-1633437/apt_2,-32.55
NZ_CP009264/1183330-1183543/apt_1,NC_011312/1917427-1917640/apt_2,-30.98
NZ_CP016556/3409979-3410192/apt_1,NZ_CP011406/1684498-1684708/apt_1,21.23
NZ_CP016556/3409979-3410192/apt_1,NZ_CP016324/1619624-1619854/apt_1,8.58
NZ_CP016556/3409979-3410192/apt_1,NC_002505/1520426-1520656/apt_1,9.04
NZ_CP016556/3409979-3410192/apt_1,NC_017270/1416320-1416550/apt_1,9.00
NZ_CP016556/3409979-3410192/apt_1,NC_009457/1078841-1079071/apt_1,9.30
NZ_CP016556/3409979-3410192/apt_1,NZ_CP014043/2211608-2211837/apt_1,10.89
NZ_CP016556/3409979-3410192/apt_1,NZ_LGLS01000001/580805-581018/apt_1,45.34
NZ_CP016556/3409979-3410192/apt_1,NZ_CP009261/1622641-1622870/apt_1,3.23
NZ_CP016556/3409979-3410192/apt_1,NC_005139/1639249-1639478/apt_1,3.52
NZ_CP016556/3409979-3410192/apt_1,NC_004459/2743752-2743981/apt_1,3.51
NZ_CP016556/3409979-3410192/apt_1,NZ_CP016351/1896934-1897143/apt_1,28.68
NZ_CP016556/3409979-3410192/apt_1,NZ_CP016177/1449571-1449779/apt_2,-29.28
NZ_CP016556/3409979-3410192/apt_1,NZ_LN554846/1395685-1395898/apt_2,-32.81
NZ_CP016556/3409979-3410192/apt_1,NC_006840/1607738-1607953/apt_2,-31.89
NZ_CP016556/3409979-3410192/apt_1,NC_011184/1633222-1633437/apt_2,-33.09
NZ_CP016556/3409979-3410192/apt_1,NC_011312/1917427-1917640/apt_2,-31.58
NZ_CP011406/1684498-1684708/apt_1,NZ_CP016324/1619624-1619854/apt_1,-4.72
NZ_CP011406/1684498-1684708/apt_1,NC_002505/1520426-1520656/apt_1,-4.14
NZ_CP011406/1684498-1684708/apt_1,NC_017270/1416320-1416550/apt_1,-4.13
NZ_CP011406/1684498-1684708/apt_1,NC_009457/1078841-1079071/apt_1,-3.97
NZ_CP011406/1684498-1684708/apt_1,NZ_CP014043/2211608-2211837/apt_1,-3.10
NZ_CP011406/1684498-1684708/apt_1,NZ_LGLS01000001/580805-581018/apt_1,20.46
NZ_CP011406/1684498-1684708/apt_1,NZ_CP009261/1622641-1622870/apt_1,-1.55
NZ_CP011406/1684498-1684708/apt_1,NC_005139/1639249-1639478/apt_1,-1.63
NZ_CP011406/1684498-1684708/apt_1,NC_004459/2743752-2743981/apt_1,-1.62
NZ_CP011406/1684498-1684708/apt_1,NZ_CP016351/1896934-1897143/apt_1,33.44
NZ_CP011406/1684498-1684708/apt_1,NZ_CP016177/1449571-1449779/apt_2,-30.12
NZ_CP011406/1684498-1684708/apt_1,NZ_LN554846/1395685-1395898/apt_2,-36.07
NZ_CP011406/1684498-1684708/apt_1,NC_006840/1607738-1607953/apt_2,-35.92
NZ_CP011406/1684498-1684708/apt_1,NC_011184/1633222-1633437/apt_2,-36.48
NZ_CP011406/1684498-1684708/apt_1,NC_011312/1917427-1917640/apt_2,-35.10
NZ_CP016324/1619624-1619854/apt_1,NC_002505/1520426-1520656/apt_1,52.98
NZ_CP016324/1619624-1619854/apt_1,NC_017270/1416320-1416550/apt_1,52.24
NZ_CP016324/1619624-1619854/apt_1,NC_009457/1078841-1079071/apt_1,51.94
NZ_CP016324/1619624-1619854/apt_1,NZ_CP014043/2211608-2211837/apt_1,46.16
NZ_CP016324/1619624-1619854/apt_1,NZ_LGLS01000001/580805-581018/apt_1,8.13
NZ_CP016324/1619624-1619854/apt_1,NZ_CP009261/1622641-1622870/apt_1,23.27
NZ_CP016324/1619624-1619854/apt_1,NC_005139/1639249-1639478/apt_1,22.94
NZ_CP016324/1619624-1619854/apt_1,NC_004459/2743752-2743981/apt_1,22.35
NZ_CP016324/1619624-1619854/apt_1,NZ_CP016351/1896934-1897143/apt_1,0.36
NZ_CP016324/1619624-1619854/apt_1,NZ_CP016177/1449571-1449779/apt_2,-42.29
NZ_CP016324/1619624-1619854/apt_1,NZ_LN554846/1395685-1395898/apt_2,-47.71
NZ_CP016324/1619624-1619854/apt_1,NC_006840/1607738-1607953/apt_2,-46.73
NZ_CP016324/1619624-1619854/apt_1,NC_011184/1633222-1633437/apt_2,-47.87
NZ_CP016324/1619624-1619854/apt_1,NC_011312/1917427-1917640/apt_2,-46.56
NC_002505/1520426-1520656/apt_1,NC_017270/1416320-1416550/apt_1,57.86
NC_002505/1520426-1520656/apt_1,NC_009457/1078841-1079071/apt_1,57.31
NC_002505/1520426-1520656/apt_1,NZ_CP014043/2211608-2211837/apt_1,51.26
NC_002505/1520426-1520656/apt_1,NZ_LGLS01000001/580805-581018/apt_1,9.22
NC_002505/1520426-1520656/apt_1,NZ_CP009261/1622641-1622870/apt_1,28.46
NC_002505/1520426-1520656/apt_1,NC_005139/1639249-1639478/apt_1,28.12
NC_002505/1520426-1520656/apt_1,NC_004459/2743752-2743981/apt_1,27.55
NC_002505/1520426-1520656/apt_1,NZ_CP016351/1896934-1897143/apt_1,2.05
NC_002505/1520426-1520656/apt_1,NZ_CP016177/1449571-1449779/apt_2,-44.22
NC_002505/1520426-1520656/apt_1,NZ_LN554846/1395685-1395898/apt_2,-44.68
NC_002505/1520426-1520656/apt_1,NC_006840/1607738-1607953/apt_2,-45.54
NC_002505/1520426-1520656/apt_1,NC_011184/1633222-1633437/apt_2,-45.76
NC_002505/1520426-1520656/apt_1,NC_011312/1917427-1917640/apt_2,-45.87
NC_017270/1416320-1416550/apt_1,NC_009457/1078841-1079071/apt_1,57.93
NC_017270/1416320-1416550/apt_1,NZ_CP014043/2211608-2211837/apt_1,51.88
NC_017270/1416320-1416550/apt_1,NZ_LGLS01000001/580805-581018/apt_1,9.19
NC_017270/1416320-1416550/apt_1,NZ_CP009261/1622641-1622870/apt_1,28.45
NC_017270/1416320-1416550/apt_1,NC_005139/1639249-1639478/apt_1,28.11
NC_017270/1416320-1416550/apt_1,NC_004459/2743752-2743981/apt_1,27.54
NC_017270/1416320-1416550/apt_1,NZ_CP016351/1896934-1897143/apt_1,2.06
NC_017270/1416320-1416550/apt_1,NZ_CP016177/1449571-1449779/apt_2,-43.67
NC_017270/1416320-1416550/apt_1,NZ_LN554846/1395685-1395898/apt_2,-45.59
NC_017270/1416320-1416550/apt_1,NC_006840/1607738-1607953/apt_2,-46.45
NC_017270/1416320-1416550/apt_1,NC_011184/1633222-1633437/apt_2,-46.66
NC_017270/1416320-1416550/apt_1,NC_011312/1917427-1917640/apt_2,-46.08
NC_009457/1078841-1079071/apt_1,NZ_CP014043/2211608-2211837/apt_1,52.01
NC_009457/1078841-1079071/apt_1,NZ_LGLS01000001/580805-581018/apt_1,9.38
NC_009457/1078841-1079071/apt_1,NZ_CP009261/1622641-1622870/apt_1,28.69
NC_009457/1078841-1079071/apt_1,NC_005139/1639249-1639478/apt_1,28.59
NC_009457/1078841-1079071/apt_1,NC_004459/2743752-2743981/apt_1,28.02
NC_009457/1078841-1079071/apt_1,NZ_CP016351/1896934-1897143/apt_1,2.54
NC_009457/1078841-1079071/apt_1,NZ_CP016177/1449571-1449779/apt_2,-43.71
NC_009457/1078841-1079071/apt_1,NZ_LN554846/1395685-1395898/apt_2,-45.56
NC_009457/1078841-1079071/apt_1,NC_006840/1607738-1607953/apt_2,-46.33
NC_009457/1078841-1079071/apt_1,NC_011184/1633222-1633437/apt_2,-46.63
NC_009457/1078841-1079071/apt_1,NC_011312/1917427-1917640/apt_2,-46.01
NZ_CP014043/2211608-2211837/apt_1,NZ_LGLS01000001/580805-581018/apt_1,10.80
NZ_CP014043/2211608-2211837/apt_1,NZ_CP009261/1622641-1622870/apt_1,32.81
NZ_CP014043/2211608-2211837/apt_1,NC_005139/1639249-1639478/apt_1,32.50
NZ_CP014043/2211608-2211837/apt_1,NC_004459/2743752-2743981/apt_1,31.94
NZ_CP014043/2211608-2211837/apt_1,NZ_CP016351/1896934-1897143/apt_1,3.21
NZ_CP014043/2211608-2211837/apt_1,NZ_CP016177/1449571-1449779/apt_2,-42.46
NZ_CP014043/2211608-2211837/apt_1,NZ_LN554846/1395685-1395898/apt_2,-45.49
NZ_CP014043/2211608-2211837/apt_1,NC_006840/1607738-1607953/apt_2,-46.06
NZ_CP014043/2211608-2211837/apt_1,NC_011184/1633222-1633437/apt_2,-46.30
NZ_CP014043/2211608-2211837/apt_1,NC_011312/1917427-1917640/apt_2,-45.08
NZ_LGLS01000001/580805-581018/apt_1,NZ_CP009261/1622641-1622870/apt_1,2.88
NZ_LGLS01000001/580805-581018/apt_1,NC_005139/1639249-1639478/apt_1,3.23
NZ_LGLS01000001/580805-581018/apt_1,NC_004459/2743752-2743981/apt_1,3.23
NZ_LGLS01000001/580805-581018/apt_1,NZ_CP016351/1896934-1897143/apt_1,28.67
NZ_LGLS01000001/580805-581018/apt_1,NZ_CP016177/1449571-1449779/apt_2,-29.55
NZ_LGLS01000001/580805-581018/apt_1,NZ_LN554846/1395685-1395898/apt_2,-34.53
NZ_LGLS01000001/580805-581018/apt_1,NC_006840/1607738-1607953/apt_2,-33.61
NZ_LGLS01000001/580805-581018/apt_1,NC_011184/1633222-1633437/apt_2,-34.81
NZ_LGLS01000001/580805-581018/apt_1,NC_011312/1917427-1917640/apt_2,-33.28
NZ_CP009261/1622641-1622870/apt_1,NC_005139/1639249-1639478/apt_1,55.80
NZ_CP009261/1622641-1622870/apt_1,NC_004459/2743752-2743981/apt_1,56.52
NZ_CP009261/1622641-1622870/apt_1,NZ_CP016351/1896934-1897143/apt_1,3.40
NZ_CP009261/1622641-1622870/apt_1,NZ_CP016177/1449571-1449779/apt_2,-43.03
NZ_CP009261/1622641-1622870/apt_1,NZ_LN554846/1395685-1395898/apt_2,-47.83
NZ_CP009261/1622641-1622870/apt_1,NC_006840/1607738-1607953/apt_2,-48.42
NZ_CP009261/1622641-1622870/apt_1,NC_011184/1633222-1633437/apt_2,-48.66
NZ_CP009261/1622641-1622870/apt_1,NC_011312/1917427-1917640/apt_2,-48.26
NC_005139/1639249-1639478/apt_1,NC_004459/2743752-2743981/apt_1,56.29
NC_005139/1639249-1639478/apt_1,NZ_CP016351/1896934-1897143/apt_1,3.14
NC_005139/1639249-1639478/apt_1,NZ_CP016177/1449571-1449779/apt_2,-42.46
NC_005139/1639249-1639478/apt_1,NZ_LN554846/1395685-1395898/apt_2,-48.04
NC_005139/1639249-1639478/apt_1,NC_006840/1607738-1607953/apt_2,-48.65
NC_005139/1639249-1639478/apt_1,NC_011184/1633222-1633437/apt_2,-48.89
NC_005139/1639249-1639478/apt_1,NC_011312/1917427-1917640/apt_2,-47.65
NC_004459/2743752-2743981/apt_1,NZ_CP016351/1896934-1897143/apt_1,3.16
NC_004459/2743752-2743981/apt_1,NZ_CP016177/1449571-1449779/apt_2,-42.89
NC_004459/2743752-2743981/apt_1,NZ_LN554846/1395685-1395898/apt_2,-48.70
NC_004459/2743752-2743981/apt_1,NC_006840/1607738-1607953/apt_2,-49.32
NC_004459/2743752-2743981/apt_1,NC_011184/1633222-1633437/apt_2,-49.56
NC_004459/2743752-2743981/apt_1,NC_011312/1917427-1917640/apt_2,-48.31
NZ_CP016351/1896934-1897143/apt_1,NZ_CP016177/1449571-1449779/apt_2,-28.09
NZ_CP016351/1896934-1897143/apt_1,NZ_LN554846/1395685-1395898/apt_2,-35.07
NZ_CP016351/1896934-1897143/apt_1,NC_006840/1607738-1607953/apt_2,-34.29
NZ_CP016351/1896934-1897143/apt_1,NC_011184/1633222-1633437/apt_2,-35.52
NZ_CP016351/1896934-1897143/apt_1,NC_011312/1917427-1917640/apt_2,-33.81
NZ_CP016177/1449571-1449779/apt_2,NZ_LN554846/1395685-1395898/apt_2,2.35
NZ_CP016177/1449571-1449779/apt_2,NC_006840/1607738-1607953/apt_2,2.41
NZ_CP016177/1449571-1449779/apt_2,NC_011184/1633222-1633437/apt_2,1.98
NZ_CP016177/1449571-1449779/apt_2,NC_011312/1917427-1917640/apt_2,1.40
NZ_LN554846/1395685-1395898/apt_2,NC_006840/1607738-1607953/apt_2,46.35
NZ_LN554846/1395685-1395898/apt_2,NC_011184/1633222-1633437/apt_2,46.90
NZ_LN554846/1395685-1395898/apt_2,NC_011312/1917427-1917640/apt_2,44.67
NC_006840/1607738-1607953/apt_2,NC_011184/1633222-1633437/apt_2,46.86
NC_006840/1607738-1607953/apt_2,NC_011312/1917427-1917640/apt_2,46.34
NC_011184/1633222-1633437/apt_2,NC_011312/1917427-1917640/apt_2,45.17
